,Unnamed: 0,Unnamed: 1,CarryOut Express Groody,Full Description,Unnamed: 3,Unnamed: 4,Unnamed: 5,Unnamed: 6,Unnamed: 7,Unnamed: 8,Unnamed: 9,Unnamed: 10
0,,,,,,,,,,,,Start Dept: A
1,,,,,,,,,,,,End Dept: Z
2,,,Stock Level,,,,,,,,,
3,User : Report Scheduler,,,,,,,,,,,Date : Friday 7 April 2023 05:00:43
4,Barcode,Stock Code,Description,,Supplier,,Location,,On Order,Reserved,On Hand,
5,A,,CIGARETTES & CIGARS,,,,,,,,,
6,5011054101464,67443,AMBER LEAF BLONDE 30G,AMBER LEAF BLONDE 30G POUCH,BARRYS,,,,0,0,10,
7,,,POUCH,,,,,,,,,
8,3086126789880,98015,BIC LIGHTER J38 MAXI,BIC LIGHTER J38 MAXI ELECTRONIC 1X5,BARRYS,,,,0,0,133,
9,,,ELECTRONIC 1X5,,,,,,,,,
10,6939287959319,,ELF BAR: APPLE PEACH 2ML,ELF BAR: APPLE PEACH 2ML 20MG,HEALTH,,,,0,0,29,
11,,,20MG,20MG ,,,,,,,,
12,,,,,,,,,,,,
13,6939287959326,,ELF BAR: BANANA 2ML 2%,ELF BAR: BANANA 2ML 2% ,HEALTH,,,,0,0,77,
14,,,,,,,,,,,,
15,6939287959333,,ELF BAR: BLUE RAZZ 2ML 2%,,HEALTH,,,,0,0,53,
16,6939287959340,,ELF BAR: BLUEBERRY SOUR,ELF BAR: BLUEBERRY SOUR 2ML 2%,HEALTH,,,,0,0,15,
17,,,2ML 2%,2ML 2% ,,,,,,,,
18,,,,,,,,,,,,
19,6939287959357,,ELF BAR: COLA 2ML 2%,ELF BAR: COLA 2ML 2% ,HEALTH,,,,0,0,27,
20,,,,,,,,,,,,
21,6939287959388,,ELF BAR: GRAPE 2ML 20MG,ELF BAR: GRAPE 2ML 20MG ,HEALTH,,,,0,0,40,
22,,,,,,,,,,,,
23,6939287959395,,ELF BAR: KIWI PASSION 2ML 2%,,HEALTH,,,,0,0,21,
24,6937643542229,,ELF BAR: PINK LEMONADE 2ML,ELF BAR: PINK LEMONADE 2ML 20MG,MISC,,,,0,0,83,
25,,,20MG,,,,,,,,,
26,6939287959418,,ELF BAR: STRAWBERRY ICE 2ML,ELF BAR: STRAWBERRY ICE 2ML 20MG,HEALTH,,,,0,0,34,
27,,,20MG,20MG ,,,,,,,,
28,,,,,,,,,,,,
29,6939287959425,,ELF BAR: WATERMELON 2ML 2%,,HEALTH,,,,0,0,102,
30,5391519810897,,HALE GLOW BLACK STARTER,HALE GLOW BLACK STARTER PACK,HEALTH,,,,0,0,1,
31,,,PACK,,,,,,,,,
32,4030600207208,6100085,JOHN PLAYER BLUE BIG BOX 27,JOHN PLAYER BLUE BIG BOX 27 s.,PLAYER,,,,0,0,7,
33,,,s.,,,,,,,,,
34,6937643575173,,LOST MARY ( ELF ) - BLUE RAZZ,LOST MARY ( ELF ) - BLUE RAZZ ICE,HEALTH,,,,0,0,150,
35,,,ICE,,,,,,,,,
36,6937643575180,,LOST MARY ( ELF ) - BLUE SOUR,LOST MARY ( ELF ) - BLUE SOUR RASPB,HEALTH,,,,0,0,83,
37,,,RASPB,,,,,,,,,
38,6937643575197,,LOST MARY ( ELF ) - DOUBLE,LOST MARY ( ELF ) - DOUBLE APPLE,HEALTH,,,,0,0,58,
39,,,APPLE,,,,,,,,,
40,6937643575203,,LOST MARY ( ELF ) - KIWI,LOST MARY ( ELF ) - KIWI PASSIONFRU,HEALTH,,,,0,0,46,
41,,,PASSIONFRU,,,,,,,,,
42,6937643575210,,LOST MARY ( ELF ) - PINK,LOST MARY ( ELF ) - PINK LEMONADE,HEALTH,,,,0,0,68,
43,,,LEMONADE,,,,,,,,,
44,6937643575227,,LOST MARY ( ELF ) -,LOST MARY ( ELF ) - STRAWBERRY ICE,HEALTH,,,,0,0,68,
45,,,STRAWBERRY ICE,,,,,,,,,
46,6937643575234,,LOST MARY ( ELF ) - TRIPLE,LOST MARY ( ELF ) - TRIPLE MANGO,HEALTH,,,,0,0,45,
47,,,MANGO,,,,,,,,,
48,6937643575241,,LOST MARY ( ELF ) - TRIPLE,LOST MARY ( ELF ) - TRIPLE MELON,HEALTH,,,,0,0,28,
49,,,MELON,,,,,,,,,
50,6937643575258,,LOST MARY ( ELF ) -,LOST MARY ( ELF ) - WATERMELON ICE,HEALTH,,,,0,0,137,
51,,,WATERMELON ICE,,,,,,,,,
52,5050565593443,6110245,PUFF BAR MENTHOL 600 PUFF,PUFF BAR MENTHOL 600 PUFF 20MG,BARRYS,,,,0,0,6,
53,,,20MG,,,,,,,,,
54,716165174011,CIGPAPERS,RAW CONNOISSEUR KING SIZE,RAW CONNOISSEUR KING SIZE SLIM,MISC,,,,0,0,59,
55,,,SLIM,,,,,,,,,
56,5410133841848,170209,RIZLA GREEN KING SLIM,RIZLA GREEN KING SLIM PAPERS 50S,BARRYS,,,,0,0,100,
57,,,PAPERS 50S,PAPERS 50S ,,,,,,,,
58,,,,,,,,,,,,
59,50973613,67470,RIZLA GREEN REGULAR PAPER,,PLAYER,,,,0,0,259,
60,5010891011868,723,RIZLA KINGSIZE SILVER SLIMS,RIZLA KINGSIZE SILVER SLIMS (32 LEA,PLAYER,,,,0,0,320,
61,,,(32 LEA,(32 LEA ,,,,,,,,
62,,,,,,,,,,,,
63,50973620,67471,RIZLA RED REGULAR PAPER,,PLAYER,,,,0,0,228,
64,54006867,67482,RIZLA REGULAR GREEN (50,RIZLA REGULAR GREEN (50 LEAVES),PLAYER,,,,0,0,102,
65,,,LEAVES),,,,,,,,,
66,Created using Rs-BackOffice v122.10.6 - www.RetailSolutions.ie,,,,,,,,,,Page : 1 / ,15
67,TILL 01 GROO-07/04/2023 00:50:32,,,,,,,,,,,
68,Barcode,Stock Code,Description,Description ,Supplier,,Location,,On Order,Reserved,On Hand,
69,,,,,,,,,,,,
70,50432219,67128,SUPERKINGS BLACK,SUPERKINGS BLACK ,PLAYER,,,,0,0,5,
71,,,,,,,,,,,,
72,30051430,437429,ZIG ZAG LIQUORICE PAPER,ZIG ZAG LIQUORICE PAPER ,TOBACC,,,,0,0,9,
73,,,,,,,,,0,0,2403,
74,B,,Snacks,,,,,,,,,
75,5000328462622,56358,DORITOS CHILLI HEATWAVE,DORITOS CHILLI HEATWAVE 150G,BARRYS,,,,24,0,3,
76,,,150G,150G ,,,,,,,,
77,,,,,,,,,,,,
78,5000328175973,56353,DORITOS COOL ORIGINAL 150G,DORITOS COOL ORIGINAL 150G ,BARRYS,,,,0,0,21,
79,,,,,,,,,,,,
80,5000328681443,56359,DORITOS TANGY CHEESE 150G,,BARRYS,,,,0,0,3,
81,5011096005867,C950,O DONNELLS CHEESE & ONION,O DONNELLS CHEESE & ONION 50G,LARGO,,,,0,0,1,
82,,,50G,50G ,,,,,,,,
83,,,,,,,,,,,,
84,5053990161966,1400409,PRINGLES BBQ 165G,,BARRYS,,,,0,0,2,
85,5053990127641,1400410,PRINGLES CHEESE & ONION,PRINGLES CHEESE & ONION 165G,BARRYS,,,,0,0,7,
86,,,165G,,,,,,,,,
87,5053990138685,85206,PRINGLES CHEESE & ONION,PRINGLES CHEESE & ONION 200G,BARRYS,,,,0,0,2,
88,,,200G,200G ,,,,,,,,
89,,,,,,,,,,,,
90,5053990138722,85204,PRINGLES ORIGINAL 200G,,BARRYS,,,,0,0,1,
91,5053990158034,1400413,PRINGLES PRAWN COCKTAIL,PRINGLES PRAWN COCKTAIL 165G,BARRYS,,,,0,0,12,
92,,,165G,,,,,,,,,
93,5053990158065,85210,PRINGLES PRAWN COCKTAIL,PRINGLES PRAWN COCKTAIL 200G,BARRYS,,,,0,0,1,
94,,,200G,,,,,,,,,
95,5053990127733,1400414,PRINGLES SALT & VINEGAR,PRINGLES SALT & VINEGAR 165G,BARRYS,,,,0,0,20,
96,,,165G,,,,,,,,,
97,5053990138746,85207,PRINGLES SALT & VINEGAR,PRINGLES SALT & VINEGAR 200G,BARRYS,,,,0,0,1,
98,,,200G,,,,,,,,,
99,5053990127740,1400415,PRINGLES SOUR CREAM &,PRINGLES SOUR CREAM & ONION 165G,BARRYS,,,,0,0,57,
100,,,ONION 165G,,,,,,,,,
101,5053990138753,85205,PRINGLES SOUR CREAM &,PRINGLES SOUR CREAM & ONION 200G,BARRYS,,,,0,0,1,
102,,,ONION 200G,,,,,,,,,
103,5000328133034,85353,SMITHS BACON FRIES 1 CARD,SMITHS BACON FRIES 1 CARD 27G,BARRYS,,,,0,0,5,
104,,,27G,,,,,,,,,
105,5011096009810,85386,TAYTO HUNKY DORYS,TAYTO HUNKY DORYS SALT&VINEGAR 135G,LARGO,,,,0,0,1,
106,,,SALT&VINEGAR 135G,,,,,,,,,
107,5000328748993,85047,WALKERS CHEESE&ONION,WALKERS CHEESE&ONION SHARING 175G,BARRYS,,,,0,0,1,
108,,,SHARING 175G,,,,,,,,,
109,5000328202464,270035,WALKERS GIANT WOTSITS,WALKERS GIANT WOTSITS FLAMIN HT130G,BARRYS,,,,0,0,23,
110,,,FLAMIN HT130G,,,,,,,,,
111,5000328192871,56315,WALKERS SENSATIONS THAI,WALKERS SENSATIONS THAI SWE CH 150G,BARRYS,,,,0,0,1,
112,,,SWE CH 150G,SWE CH 150G ,,,,,,,,
113,,,,,,,,,24,0,163,
114,C,,CONFECTIONERY,,,,,,,,,
115,7622210304377,260197,CADBURY CARAMEL 4 PACK,CADBURY CARAMEL 4 PACK 148G,BARRYS,,,,0,0,22,
116,,,148G,,,,,,,,,
117,7622210989505,166476,CADBURY CRUNCHIE 4 PACK,CADBURY CRUNCHIE 4 PACK 104.4G,BARRYS,,,,0,0,1,
118,,,104.4G,104.4G ,,,,,,,,
119,,,,,,,,,,,,
120,5034660004004,64123,CADBURY DAIRYMILK 53G,,BARRYS,,,,0,0,25,
121,5034660003892,64119,CADBURY DAIRYMILK,CADBURY DAIRYMILK CARAMELLO 47G,BARRYS,,,,0,0,33,
122,,,CARAMELLO 47G,CARAMELLO 47G ,,,,,,,,
123,,,,,,,,,,,,
124,7622210989192,260499,CADBURY FLAKE 4 PACK 80G,CADBURY FLAKE 4 PACK 80G ,BARRYS,,,,0,0,1,
125,,,,,,,,,,,,
126,7622210989246,260502,CADBURY TWIRL 5 PACK 107.5G,,BARRYS,,,,0,0,18,
127,49814521,66479,CHUPA CHUPS WHEEL DISPLAY,CHUPA CHUPS WHEEL DISPLAY 12G,BARRYS,,,,0,0,29,
128,,,12G,12G ,,,,,,,,
129,,,,,,,,,,,,
130,4009900458023,,EXTRA ICE PEPPERMINT 15G,EXTRA ICE PEPPERMINT 15G ,BARRYS,,,,0,0,30,
131,,,,,,,,,,,,
132,7613034954459,69544,KIT KAT CHUNKY 40G,KIT KAT CHUNKY 40G ,BARRYS,,,,0,0,11,
133,,,,,,,,,,,,
134,5000159304245,66151,M&MS CRISPY 45G,,BARRYS,,,,0,0,2,
135,5011080105443,37108,PANADOL ORIGINAL COMPACK,PANADOL ORIGINAL COMPACK 12s,BARRYS,,,,0,0,3,
136,,,12s,,,,,,,,,
137,Created using Rs-BackOffice v122.10.6 - www.RetailSolutions.ie,,,,,,,,,,Page : 2 / ,15
138,TILL 01 GROO-07/04/2023 00:50:32,,,,,,,,,,,
139,Barcode,Stock Code,Description,,Supplier,,Location,,On Order,Reserved,On Hand,
140,42070047,136524,WRIGLEYS AIRWAVES,WRIGLEYS AIRWAVES BLACKCURRANT 14G,MANGANS,,,,0,0,59,
141,,,BLACKCURRANT 14G,,,,,,,,,
142,42070719,70488,WRIGLEYS EX COOL BREEZE,WRIGLEYS EX COOL BREEZE 10PCE 25G,BARRYS,,,,0,0,31,
143,,,10PCE 25G,,,,,,,,,
144,42211464,70224,WRIGLEYS EX ICE PEPPERMINT,WRIGLEYS EX ICE PEPPERMINT 15G,BARRYS,,,,0,0,101,
145,,,15G,,,,,,,,,
146,42211471,70223,WRIGLEYS EXTRA ICE WHITE,WRIGLEYS EXTRA ICE WHITE 15G,BARRYS,,,,0,0,67,
147,,,15G,,,,,,,,,
148,40099361,70274,WRIGLEYS EXTRA PEPPERMINT,WRIGLEYS EXTRA PEPPERMINT 10 PC,BARRYS,,,,0,0,24,
149,,,10 PC,,,,,,,,,
150,50173686,70269,WRIGLEYS EXTRA SPEARMINT,WRIGLEYS EXTRA SPEARMINT 10 PC,BARRYS,,,,0,0,32,
151,,,10 PC,,,,,,,,,
152,42112907,70276,WRIGLEYS EXTRA,WRIGLEYS EXTRA STRAWBERRY 10PC,BARRYS,,,,0,0,14,
153,,,STRAWBERRY 10PC,STRAWBERRY 10PC ,,,,,,,,
154,,,,,,,,,0,0,503,
155,CA,,MINERALS,MINERALS ,,,,,,,,
156,,,,,,,,,,,,
157,4060800305619,1400040,7 UP 2L,7 UP 2L ,BARRYS,,,,0,0,19,
158,,,,,,,,,,,,
159,40608136,1400036,7 UP CAN 330ML,7 UP CAN 330ML ,BARRYS,,,,0,0,29,
160,,,,,,,,,,,,
161,40608174,1400037,7 UP CONTOUR BOTTLE 500ML,,BARRYS,,,,0,0,14,
162,87170726,65005,7 UP FREE CONTOUR BOTTLE,7 UP FREE CONTOUR BOTTLE 500ML,BARRYS,,,,0,0,52,
163,,,500ML,500ML ,,,,,,,,
164,,,,,,,,,,,,
165,4199020100,65444,BALLYGOWAN SPARKLING 2L,BALLYGOWAN SPARKLING 2L ,BARRYS,,,,0,0,77,
166,,,,,,,,,,,,
167,4199020001,65443,BALLYGOWAN STILL 2L,BALLYGOWAN STILL 2L ,BARRYS,,,,0,0,1,
168,,,,,,,,,,,,
169,41990050019,65401,BALLYGOWAN STILL 500ML,,BARRYS,,,,0,0,49,
170,5099483950235,65455,BALLYGOWAN STILL,BALLYGOWAN STILL SPORTSCAP 1L,BARRYS,,,,0,0,1,
171,,,SPORTSCAP 1L,SPORTSCAP 1L ,,,,,,,,
172,,,,,,,,,,,,
173,5056079900272,,BOOST ENERGY CAN 250ML,BOOST ENERGY CAN 250ML ,GLEES,,,,0,0,5,
174,,,,,,,,,,,,
175,5060466513792,65688,BPM FOCUS 500ML,,BARRYS,,,,0,0,68,
176,5060608749423,270141,BPM FOCUS BOTTLE 500ML,BPM FOCUS BOTTLE 500ML PM1.30,BARRYS,,,,0,0,17,
177,,,PM1.30,PM1.30 ,,,,,,,,
178,,,,,,,,,,,,
179,5449000000439,65269,COCA COLA 1.5L,COCA COLA 1.5L ,BARRYS,,,,60,0,67,
180,,,,,,,,,,,,
181,5449000054227,65305,COCA COLA 1L,COCA COLA 1L ,BARRYS,,,,0,0,39,
182,,,,,,,,,,,,
183,5449000000996,63004,COCA COLA CAN 330ML,,BARRYS,,,,24,0,62,
184,5449000000446,260693,COCA COLA CANS 330ML 4,COCA COLA CANS 330ML 4 PACK,BARRYS,,,,0,0,9,
185,,,PACK,PACK ,,,,,,,,
186,,,,,,,,,,,,
187,5449000133328,65307,COCA COLA ZERO 1L,COCA COLA ZERO 1L ,BARRYS,,,,60,0,46,
188,,,,,,,,,,,,
189,5449000131843,65265,COCA COLA ZERO 2L,COCA COLA ZERO 2L ,BARRYS,,,,40,0,17,
190,,,,,,,,,,,,
191,5449000131805,63016,COCA COLA ZERO CAN 330ML,,BARRYS,,,,0,0,79,
192,5449000131836,65264,COCA COLA ZERO CONTOUR,COCA COLA ZERO CONTOUR BOTTLE 500ML,BARRYS,,,,0,0,8,
193,,,BOTTLE 500ML,BOTTLE 500ML ,,,,,,,,
194,,,,,,,,,,,,
195,5449000215734,65340,FANTA LEMON 1.75L,FANTA LEMON 1.75L ,BARRYS,,,,40,0,22,
196,,,,,,,,,,,,
197,5449000010728,65031,FANTA LEMON CAN 330ML,,BARRYS,,,,48,0,38,
198,54492493,65003,FANTA LEMON CONTOUR,FANTA LEMON CONTOUR BOTTLE 500ML,BARRYS,,,,0,0,31,
199,,,BOTTLE 500ML,BOTTLE 500ML ,,,,,,,,
200,,,,,,,,,,,,
201,5449000132499,65342,FANTA ORANGE 1.75L,FANTA ORANGE 1.75L ,BARRYS,,,,32,0,47,
202,,,,,,,,,,,,
203,5449000006271,65270,FANTA ORANGE 1L,FANTA ORANGE 1L ,BARRYS,,,,36,0,14,
204,,,,,,,,,,,,
205,5449000011527,63002,FANTA ORANGE CAN 330ML,,BARRYS,,,,0,0,21,
206,40822938,65013,FANTA ORANGE CONTOUR,FANTA ORANGE CONTOUR BOTTLE 500ML,BARRYS,,,,24,0,13,
207,,,BOTTLE 500ML,,,,,,,,,
208,5099195002505,65480,ISHKA SPRING WATER FLAT CAP,ISHKA SPRING WATER FLAT CAP 500ML,BARRYS,,,,0,0,40,
209,,,500ML,,,,,,,,,
210,5054267000162,656080,LUCOZADE ENERGY ORANGE,LUCOZADE ENERGY ORANGE 380ML,BARRYS,,,,24,0,57,
211,,,380ML,,,,,,,,,
212,5054267000216,65621,LUCOZADE ENERGY ORANGE,LUCOZADE ENERGY ORANGE 500ML,BARRYS,,,,24,0,36,
213,,,500ML,,,,,,,,,
214,5054267000438,65606,LUCOZADE ENERGY ORIGINAL,,BARRYS,,,,48,0,63,
215,Created using Rs-BackOffice v122.10.6 - www.RetailSolutions.ie,,,,,,,,,,Page : 3 / ,15
216,TILL 01 GROO-07/04/2023 00:50:32,,,,,,,,,,,
217,Barcode,Stock Code,Description,Description 380ML,Supplier,,Location,,On Order,Reserved,On Hand,
218,,,380ML,,,,,,,,,
219,5054267012578,260823,LUCOZADE SPORT ORANGE,LUCOZADE SPORT ORANGE 500ML PM1.80,BARRYS,,,,24,0,25,
220,,,500ML PM1.80,500ML PM1.80 ,,,,,,,,
221,,,,,,,,,,,,
222,5011026008203,65146,MI WADI BLACKCURRANT 1L,,BARRYS,,,,0,0,60,
223,5011026008227,65147,MI WADI BLACKCURRANT NAS,MI WADI BLACKCURRANT NAS 1L,BARRYS,,,,0,0,33,
224,,,1L,1L ,,,,,,,,
225,,,,,,,,,,,,
226,5011026701760,65210,MI WADI LIME NAS 1L,MI WADI LIME NAS 1L ,BARRYS,,,,0,0,32,
227,,,,,,,,,,,,
228,5011026008210,65143,MI WADI ORANGE NAS 1L,,BARRYS,,,,0,0,21,
229,5060166696795,261094,MONSTER ENERGY ABZERO,MONSTER ENERGY ABZERO 500ML,BARRYS,,,,0,0,21,
230,,,500ML,,,,,,,,,
231,5060166690007,63037,MONSTER ENERGY GREEN,MONSTER ENERGY GREEN 500ML,BARRYS,,,,0,0,23,
232,,,500ML,,,,,,,,,
233,5060517885137,63157,MONSTER ENERGY MANGO,MONSTER ENERGY MANGO LOCO 500ML,BARRYS,,,,0,0,41,
234,,,LOCO 500ML,LOCO 500ML ,,,,,,,,
235,,,,,,,,,,,,
236,5060751211266,63193,MONSTER ENERGY MULE 500ML,,BARRYS,,,,0,0,9,
237,5060639122899,63050,MONSTER ENERGY PACIFIC,MONSTER ENERGY PACIFIC PUNCH 500ML,BARRYS,,,,0,0,20,
238,,,PUNCH 500ML,,,,,,,,,
239,5060517882976,63156,MONSTER ENERGY PIPELINE,MONSTER ENERGY PIPELINE PUNCH 500ML,BARRYS,,,,0,0,35,
240,,,PUNCH 500ML,,,,,,,,,
241,5060896623832,1400751,MONSTER ENERGY ULTRA,MONSTER ENERGY ULTRA GOLD 500ML,BARRYS,,,,0,0,29,
242,,,GOLD 500ML,,,,,,,,,
243,5060335635457,261091,MONSTER ENERGY ULTRA RED,MONSTER ENERGY ULTRA RED 500ML,BARRYS,,,,0,0,35,
244,,,500ML,,,,,,,,,
245,5060517882884,63085,MONSTER ENERGY ULTRA,MONSTER ENERGY ULTRA VIOLET 500ML,BARRYS,,,,0,0,16,
246,,,VIOLET 500ML,,,,,,,,,
247,5060335635174,261093,MONSTER ENERGY ULTRA,MONSTER ENERGY ULTRA ZERO 500ML,BARRYS,,,,60,0,38,
248,,,ZERO 500ML,,,,,,,,,
249,5060751210764,1400363,MONSTER SUPERFUEL SUB,MONSTER SUPERFUEL SUB ZERO 568ML,BARRYS,,,,0,0,1,
250,,,ZERO 568ML,,,,,,,,,
251,5060751211518,1400467,MONSTER ULTRA WATERMELON,MONSTER ULTRA WATERMELON 500ML,BARRYS,,,,0,0,21,
252,,,500ML,,,,,,,,,
253,5060337503778,261118,MONSTER ULTRA ZERO CAN,MONSTER ULTRA ZERO CAN 500ML 4PK,BARRYS,,,,0,0,6,
254,,,500ML 4PK,500ML 4PK ,,,,,,,,
255,,,,,,,,,,,,
256,90162602,63025,RED BULL ENERGY CAN 250ML,,BARRYS,,,,0,0,33,
257,90446672,270078,RED BULL ENERGY CAN 250ML,RED BULL ENERGY CAN 250ML PM1.99,BARRYS,,,,72,0,4,
258,,,PM1.99,PM1.99 ,,,,,,,,
259,,,,,,,,,,,,
260,9002490210991,63075,RED BULL ENERGY CAN 473ML,,BARRYS,,,,0,0,3,
261,90162800,63033,RED BULL SUGAR FREE CAN,RED BULL SUGAR FREE CAN 250ML,BARRYS,,,,0,0,23,
262,,,250ML,,,,,,,,,
263,9002490206215,63151,RED BULL SUGAR FREE CAN,RED BULL SUGAR FREE CAN 355ML,BARRYS,,,,0,0,34,
264,,,355ML,,,,,,,,,
265,9002490205713,63036,RED BULL SUGARFREE 250ML,RED BULL SUGARFREE 250ML 4PK,BARRYS,,,,0,0,3,
266,,,4PK,4PK ,,,,,,,,
267,,,,,,,,,,,,
268,90415425,63027,RED BULL ZERO CAN 250ML,RED BULL ZERO CAN 250ML ,BARRYS,,,,0,0,64,
269,,,,,,,,,,,,
270,5026791442008,65082,RIVER ROCK SPARKLING 2L,RIVER ROCK SPARKLING 2L ,BARRYS,,,,0,0,20,
271,,,,,,,,,,,,
272,5026791542203,65418,RIVER ROCK SPARKLING 500ML,RIVER ROCK SPARKLING 500ML ,BARRYS,,,,0,0,51,
273,,,,,,,,,,,,
274,5026791543002,65419,RIVER ROCK STILL 500ML,RIVER ROCK STILL 500ML ,BARRYS,,,,0,0,51,
275,,,,,,,,,,,,
276,5026791543507,65417,RIVER ROCK STILL 750ML 15/12,,BARRYS,,,,0,0,6,
277,5449000064219,65116,SCHWEPPES SLIMLINE TONIC,SCHWEPPES SLIMLINE TONIC WATER 1L,BARRYS,,,,0,0,1,
278,,,WATER 1L,WATER 1L ,,,,,,,,
279,,,,,,,,,,,,
280,5449000014917,65121,SCHWEPPES SODA WATER 1L,SCHWEPPES SODA WATER 1L ,BARRYS,,,,0,0,38,
281,,,,,,,,,,,,
282,5011026008708,65119,SCHWEPPES TONIC WATER 1L,SCHWEPPES TONIC WATER 1L ,BARRYS,,,,0,0,17,
283,,,,,,,,,,,,
284,5449000104885,65252,SPRITE NO SUGAR 2L,SPRITE NO SUGAR 2L ,BARRYS,,,,0,0,7,
285,,,,,,,,,,,,
286,5449000106704,,SPRITE NO SUGAR CAN 330ML,,GWL,,,,0,0,9,
287,5449000109613,65052,SPRITE NO SUGAR CONTOUR,SPRITE NO SUGAR CONTOUR BOTTLE500ML,BARRYS,,,,0,0,48,
288,,,BOTTLE500ML,BOTTLE500ML ,,,,,,,,
289,,,,,,,,,,,,
290,5449000004864,65297,SPRITE REGULAR 2L,,BARRYS,,,,0,0,15,
291,Created using Rs-BackOffice v122.10.6 - www.RetailSolutions.ie,,,,,,,,,,Page : 4 / ,15
292,TILL 01 GROO-07/04/2023 00:50:32,,,,,,,,,,,
293,Barcode,Stock Code,Description,Description ,Supplier,,Location,,On Order,Reserved,On Hand,
294,,,,,,,,,,,,
295,5449000014535,65300,SPRITE REGULAR CAN 330ML,SPRITE REGULAR CAN 330ML ,BARRYS,,,,0,0,48,
296,,,,,,,,,,,,
297,5011026005240,65274,TK ORANGE 2L,TK ORANGE 2L ,BARRYS,,,,0,0,21,
298,,,,,,,,,,,,
299,5011026005226,65276,TK RED LEMONADE 2L,TK RED LEMONADE 2L ,BARRYS,,,,24,0,8,
300,,,,,,,,,,,,
301,5011026005233,65275,TK WHITE LEMONADE 2L,TK WHITE LEMONADE 2L ,BARRYS,,,,0,0,119,
302,,,,,,,,,,,,
303,3057640100178,65552,VOLVIC STILL 1.5L,VOLVIC STILL 1.5L ,BARRYS,,,,0,0,59,
304,,,,,,,,,640,0,2189,
305,D,,CIDERS,,,,,,,,,
306,5391522120013,56829,BULMERS LIGHT BOTTLE 1L,BULMERS LIGHT BOTTLE 1L 0.045,BARRYS,,,,0,0,34,
307,,,0.045,0.045 ,,,,,,,,
308,,,,,,,,,,,,
309,5391522120655,56836,BULMERS LIGHT CAN 500ML 8PK,,BARRYS,,,,0,0,27,
310,5391516872935,56825,BULMERS ORIG 300ML BOT 20PK,BULMERS ORIG 300ML BOT 20PK 0.045,BARRYS,,,,0,0,215,
311,,,0.045,,,,,,,,,
312,5391522120846,77968,BULMERS STWB/LIME CAN 500,BULMERS STWB/LIME CAN 500 4PK,BARRYS,,,,0,0,57,
313,,,4PK,,,,,,,,,
314,7393714505347,77920,KOPP MIXED FRUIT BTL 330ML,KOPP MIXED FRUIT BTL 330ML 4PK 5.3%,BARRYS,,,,0,0,10,
315,,,4PK 5.3%,,,,,,,,,
316,7393714505941,77410,KOPP STRAW&LIME N/A BTL,KOPP STRAW&LIME N/A BTL 330ML 4PK,BARRYS,,,,0,0,1,
317,,,330ML 4PK,,,,,,,,,
318,7393714505040,77921,KOPP STRAW/LIME BTL 330ML,KOPP STRAW/LIME BTL 330ML 4PK 4%,BARRYS,,,,0,0,21,
319,,,4PK 4%,,,,,,,,,
320,7393714515902,78980,KOPP/B MIXED FRUIT BOT 500ML,KOPP/B MIXED FRUIT BOT 500ML 0.04,BARRYS,,,,0,0,25,
321,,,0.04,,,,,,,,,
322,7393714899910,58694,KOPP/B MXD FR CAN 500ML4PK,KOPP/B MXD FR CAN 500ML4PK PM11 4%,BARRYS,,,,0,0,27,
323,,,PM11 4%,,,,,,,,,
324,7393714899897,58695,KOPP/B STR&LIM CAN 500MLx4,KOPP/B STR&LIM CAN 500MLx4 4% E11.0,BARRYS,,,,30,0,15,
325,,,4% E11.0,,,,,,,,,
326,7393714515506,79041,KOPP/B STRAW+LIME BOT,KOPP/B STRAW+LIME BOT 500ML 4%,BARRYS,,,,0,0,12,
327,,,500ML 4%,,,,,,,,,
328,7393714374288,79046,KOPP/B STRAW+LIME CAN,KOPP/B STRAW+LIME CAN 500ML 4%,BARRYS,,,,0,0,2,
329,,,500ML 4%,500ML 4% ,,,,,,,,
330,,,,,,,,,,,,
331,5391516884358,73847,LINDEN VILLAGE 1LTR PET 5%,,BARRYS,,,,0,0,40,
332,5391522120464,79822,LINDEN VILLAGE CAN 500ML 6%,LINDEN VILLAGE CAN 500ML 6% PM1.59,BARRYS,,,,0,0,13,
333,,,PM1.59,,,,,,,,,
334,5411718910294,56862,ORCHARD THIEVES LIGHT CAN,ORCHARD THIEVES LIGHT CAN 500ML8PK,BARRYS,,,,0,0,12,
335,,,500ML8PK,,,,,,,,,
336,5035766049135,89503,ORCHARD THV 4PK 500ML CAN ,ORCHARD THV 4PK 500ML CAN  0.045,BARRYS,,,,0,0,6,
337,,,0.045,,,,,,,,,
338,5035766046028,56839,ORCHARD THV CID  CAN 500ML,ORCHARD THV CID  CAN 500ML 8PK 4.5%,BARRYS,,,,0,0,13,
339,,,8PK 4.5%,8PK 4.5% ,,,,,,,,
340,,,,,,,,,,,,
341,5391516876919,77359,OUTCIDER CAN 500ML 4PK 4.5%,,BARRYS,,,,0,0,4,
342,5000213026908,120040,ROCKSHORE APPLE CIDER 4PK,ROCKSHORE APPLE CIDER 4PK CAN 4%,BARRYS,,,,18,0,18,
343,,,CAN 4%,CAN 4% ,,,,,,,,
344,,,,,,,,,48,0,552,
345,E,,BEERS,,,,,,,,,
346,5035766064510,80421,BIRRA MORETTI 330ML 10PK,BIRRA MORETTI 330ML 10PK CAN 4.6%,BARRYS,,,,0,0,5,
347,,,CAN 4.6%,,,,,,,,,
348,5035766062578,80426,BIRRA MORETTI 330ML 12PK BTL,BIRRA MORETTI 330ML 12PK BTL 0.046,BARRYS,,,,0,0,2,
349,,,0.046,,,,,,,,,
350,8006890329797,80400,BIRRA MORETTI BOT 330ML 4PK,BIRRA MORETTI BOT 330ML 4PK 0.046,BARRYS,,,,0,0,13,
351,,,0.046,,,,,,,,,
352,5391531660340,,BRU - BLURRY FURRY 440ML,BRU - BLURRY FURRY 440ML CAN 3.8%,BRUBRE,,,,0,0,3,
353,,,CAN 3.8%,,,,,,,,,
354,5014379012064,89530,BUDWEISER 20PK NRB 4.3%,BUDWEISER 20PK NRB 4.3% 300ML,BARRYS,,,,0,0,180,
355,,,300ML,,,,,,,,,
356,2100000012343,267451~SING,BUDWEISER 300ML L/N 4.3%,BUDWEISER 300ML L/N 4.3% ,BARRYS,,,,0,0,23,
357,,LE,,,,,,,,,,
358,5014379012194,89526,BUDWEISER 4PK CAN 4.3%,,BARRYS,,,,30,0,25,
359,Created using Rs-BackOffice v122.10.6 - www.RetailSolutions.ie,,,,,,,,,,Page : 5 / ,15
360,TILL 01 GROO-07/04/2023 00:50:32,,,,,,,,,,,
361,Barcode,Stock Code,Description,Description 500ML,Supplier,,Location,,On Order,Reserved,On Hand,
362,,,500ML,500ML ,,,,,,,,
363,,,,,,,,,,,,
364,5014379017342,76441,BUDWEISER 660ML BTL 4.3%,,BARRYS,,,,0,0,83,
365,5014379012118,89527,BUDWEISER 6PK NRB 4.3%,BUDWEISER 6PK NRB 4.3% 300ML,BARRYS,,,,0,0,8,
366,,,300ML,,,,,,,,,
367,5014379012095,89525,BUDWEISER 8PK CAN 4.3%,BUDWEISER 8PK CAN 4.3% 500ML,BARRYS,,,,0,0,832,
368,,,500ML,500ML ,,,,,,,,
369,,,,,,,,,,,,
370,5011046008689,78912,BUDWEISER CAN 500ML 4.3%,BUDWEISER CAN 500ML 4.3% ,BARRYS,,,,0,0,21,
371,,,,,,,,,,,,
372,5010038448014,60110,CARLING 500ML 4PK CAN 4%,,BARRYS,,,,0,0,16,
373,5010153737888,268755~SING,CARLSBERG 300ML  L/N 4.3%,CARLSBERG 300ML  L/N 4.3% ,BARRYS,,,,0,0,2,
374,,LE,,,,,,,,,,
375,5000213013335,268755,CARLSBERG BOTTLE 300ML,CARLSBERG BOTTLE 300ML 20PK 4.3%,BARRYS,,,,0,0,1,
376,,,20PK 4.3%,,,,,,,,,
377,5000213009796,88873,CARLSBERG BOTTLE 330ML 6PK,CARLSBERG BOTTLE 330ML 6PK 0.043,BARRYS,,,,12,0,6,
378,,,0.043,,,,,,,,,
379,5000213015896,121195,CARLSBERG CAN 500ML 12,CARLSBERG CAN 500ML 12 PACK 4.3%,BARRYS,,,,0,0,3,
380,,,PACK 4.3%,PACK 4.3% ,,,,,,,,
381,,,,,,,,,,,,
382,5010153763634,78859,CARLSBERG CAN 500ML 3.8%,,BARRYS,,,,0,0,1,
383,5000213021279,79451,CARLSBERG CAN 500ML 4 PACK,CARLSBERG CAN 500ML 4 PACK 0.043,BARRYS,,,,30,0,29,
384,,,0.043,0.043 ,,,,,,,,
385,,,,,,,,,,,,
386,5011046008559,,CARLSBERG CAN 500ML 4.3%,,GWL,,,,0,0,15,
387,5000213008126,78858,CARLSBERG CAN 500ML 8 PACK,CARLSBERG CAN 500ML 8 PACK 0.043,BARRYS,,,,12,0,16,
388,,,0.043,0.043 ,,,,,,,,
389,,,,,,,,,,,,
390,5010038462386,89681,COBRA 660ML BTL 4.5%,COBRA 660ML BTL 4.5% ,BARRYS,,,,0,0,13,
391,,,,,,,,,,,,
392,5021889330014,,COBRA BEER 330ML BTL IND,,BARRYS,,,,0,0,3,
393,5010038462416,89682,COBRA BEER BOTTLE 330ML,COBRA BEER BOTTLE 330ML 12PK 4.5%,BARRYS,,,,0,0,2,
394,,,12PK 4.5%,,,,,,,,,
395,5010038483404,78865,COORS LIGHT CAN 500ML 6,COORS LIGHT CAN 500ML 6 PACK 4.3%,BARRYS,,,,40,0,5,
396,,,PACK 4.3%,,,,,,,,,
397,5390761007956,78864,COORS LIGHT CAN 500ML 8,COORS LIGHT CAN 500ML 8 PACK 4.3%,BARRYS,,,,0,0,24,
398,,,PACK 4.3%,,,,,,,,,
399,7501064193040,89912,CORONA 12PACK 330ML BOTTLE,CORONA 12PACK 330ML BOTTLE 0.045,BARRYS,,,,0,0,181,
400,,,0.045,,,,,,,,,
401,5014379012507,89916,CORONA 6 PACK 330ML CAN,CORONA 6 PACK 330ML CAN 0.045,BARRYS,,,,0,0,1,
402,,,0.045,0.045 ,,,,,,,,
403,,,,,,,,,,,,
404,5014379014457,56875,CORONA 620ML BOTTLE 4.5%,,BARRYS,,,,0,0,37,
405,5014379011500,78810,CORONA BOTTLE 330ML 6PK,CORONA BOTTLE 330ML 6PK 0.045,BARRYS,,,,0,0,23,
406,,,0.045,,,,,,,,,
407,75039851,56326~SINGL,CORONA LIGHT BOTTLE 355ML,CORONA LIGHT BOTTLE 355ML 0.039,BARRYS,,,,0,0,5,
408,,E,0.039,,,,,,,,,
409,8712000050955,58911,DESPERADOS 4PK CAN 500ML,DESPERADOS 4PK CAN 500ML 0.059,BARRYS,,,,0,0,27,
410,,,0.059,,,,,,,,,
411,3155930006015,44403,DESPERADOS BOTTLE 330ML,DESPERADOS BOTTLE 330ML 5.9% FRA,BARRYS,,,,20,0,23,
412,,,5.9% FRA,,,,,,,,,
413,5390347300761,78943,DUTCH GOLD CAN 440ML 8PK,DUTCH GOLD CAN 440ML 8PK PM10 3.5%,BARRYS,,,,15,0,2,
414,,,PM10 3.5%,,,,,,,,,
415,8410793022837,89674,ESTRELLA DAM BOTTLE 330ML 4,ESTRELLA DAM BOTTLE 330ML 4 PK 4.6%,BARRYS,,,,0,0,4,
416,,,PK 4.6%,,,,,,,,,
417,8410793282965,89065,ESTRELLA DAMM 660ML BTL,ESTRELLA DAMM 660ML BTL 0.046,BARRYS,,,,0,0,9,
418,,,0.046,,,,,,,,,
419,8410793262936,48664~SINGL,ESTRELLA DAMM DAURA,ESTRELLA DAMM DAURA GLUTEN 330CL,BARRYS,,,,0,0,17,
420,,E,GLUTEN 330CL,,,,,,,,,
421,5011046007569,78703,GUINNESS BOT 500ML 4 PACK,GUINNESS BOT 500ML 4 PACK 0.042,BARRYS,,,,0,0,9,
422,,,0.042,,,,,,,,,
423,5000213026205,88865~SINGL,GUINNESS CAN 538ML 4.2%,GUINNESS CAN 538ML 4.2% ,BARRYS,,,,0,0,11,
424,,E,,,,,,,,,,
425,5000213024966,78852,GUINNESS DRAUGHT 0.0%,GUINNESS DRAUGHT 0.0% 500ML 4PK CAN,BARRYS,,,,0,0,4,
426,,,500ML 4PK CAN,,,,,,,,,
427,Created using Rs-BackOffice v122.10.6 - www.RetailSolutions.ie,,,,,,,,,,Page : 6 / ,15
428,TILL 01 GROO-07/04/2023 00:50:32,,,,,,,,,,,
429,Barcode,Stock Code,Description,,Supplier,,Location,,On Order,Reserved,On Hand,
430,GUINNESS0.0,78852~SINGL,GUINNESS DRAUGHT 0.0%,GUINNESS DRAUGHT 0.0% 500ML CAN,BARRYS,,,,0,0,1,
431,,E,500ML CAN,,,,,,,,,
432,5000213006566,88875,GUINNESS DRAUGHT CAN,GUINNESS DRAUGHT CAN 500ML 8PK 4.2%,BARRYS,,,,0,0,167,
433,,,500ML 8PK 4.2%,,,,,,,,,
434,5011046007576,78886,GUINNESS EXTRA STOUT CAN,GUINNESS EXTRA STOUT CAN 500ML 4.2%,BARRYS,,,,0,0,60,
435,,,500ML 4.2%,,,,,,,,,
436,5000213000120,88885,GUINNESS FOREIGN STOUT,GUINNESS FOREIGN STOUT BOT330M 7.5%,BARRYS,,,,0,0,34,
437,,,BOT330M 7.5%,,,,,,,,,
438,5000213026021,88876,GUINNESS NITRO CAN 558ML,GUINNESS NITRO CAN 558ML 6PK 4.2%,BARRYS,,,,0,0,7,
439,,,6PK 4.2%,6PK 4.2% ,,,,,,,,
440,,,,,,,,,,,,
441,2100444777474,,HARP 500ML CAN,HARP 500ML CAN ,BARRYS,,,,0,0,4,
442,,,,,,,,,,,,
443,5000213026618,120050,HARP LAGER 440ML CAN 6PK 4%,,BARRYS,,,,12,0,5,
444,8712000054748,87555,HEINEKEN 0.0 330ML 4PK BTL,HEINEKEN 0.0 330ML 4PK BTL NEW,BARRYS,,,,0,0,1,
445,,,NEW,NEW ,,,,,,,,
446,,,,,,,,,,,,
447,8712000050092,87556,HEINEKEN 0.0 330ML 6PK CAN,HEINEKEN 0.0 330ML 6PK CAN ,BARRYS,,,,0,0,1,
448,,,,,,,,,,,,
449,8712000053116,,HEINEKEN 0.0 330ML BOTTLE,HEINEKEN 0.0 330ML BOTTLE ,MISC,,,,0,0,2,
450,,,,,,,,,,,,
451,8712000053857,,HEINEKEN 0.0 330ML CAN,,BARRYS,,,,0,0,3,
452,2100000012496,78656~SINGL,HEINEKEN 330ML L/N  4.3%,HEINEKEN 330ML L/N  4.3% ,BARRYS,,,,0,0,8,
453,,E,,,,,,,,,,
454,8712000025687,65725,HEINEKEN BOTTLE 330ML,HEINEKEN BOTTLE 330ML 12PACK 4.3%,BARRYS,,,,0,0,2,
455,,,12PACK 4.3%,,,,,,,,,
456,8712000900038,78656,HEINEKEN BOTTLE 330ML 6PK,HEINEKEN BOTTLE 330ML 6PK 0.043,BARRYS,,,,0,0,2,
457,,,0.043,0.043 ,,,,,,,,
458,,,,,,,,,,,,
459,8712000056261,78655,HEINEKEN BOTTLE 650ML 4.3%,,BARRYS,,,,0,0,11,
460,8712000057763,78866,HEINEKEN CAN 500ML 6 PACK,HEINEKEN CAN 500ML 6 PACK 0.043,BARRYS,,,,0,0,1,
461,,,0.043,,,,,,,,,
462,5000213021934,80083,HOP HOUSE 13 500ML 8PK CAN,HOP HOUSE 13 500ML 8PK CAN 0.041,BARRYS,,,,0,0,3,
463,,,0.041,0.041 ,,,,,,,,
464,,,,,,,,,,,,
465,5000213021897,80082,HOP HOUSE 13 500ML CAN 4.1%,,BARRYS,,,,0,0,4,
466,5000213019924,77247,HOP HOUSE 13 LAGER BTL,HOP HOUSE 13 LAGER BTL 330ML 4 PK,BARRYS,,,,0,0,10,
467,,,330ML 4 PK,330ML 4 PK ,,,,,,,,
468,,,,,,,,,,,,
469,5000213023662,77965,HOP HOUSE 4PK  CAN 4.1,,BARRYS,,,,18,0,18,
470,5035766064428,80625,ISLANDS EDGE STOUT 500ML,ISLANDS EDGE STOUT 500ML 4PK CAN 4%,BARRYS,,,,0,0,7,
471,,,4PK CAN 4%,,,,,,,,,
472,5035766064435,80626,ISLANDS EDGE STOUT 500ML,ISLANDS EDGE STOUT 500ML 8PK CAN 4%,BARRYS,,,,0,0,4,
473,,,8PK CAN 4%,8PK CAN 4% ,,,,,,,,
474,,,,,,,,,,,,
475,5901359162010,88952,LECH BOTTLE 500ML 5.0% POL,LECH BOTTLE 500ML 5.0% POL ,BARRYS,,,,0,0,100,
476,,,,,,,,,,,,
477,5900490000182,88953,LECH CAN 500ML 5.0% POL,LECH CAN 500ML 5.0% POL ,BARRYS,,,,0,0,102,
478,,,,,,,,,,,,
479,5900535018462,73852,LOMZA 440ML 4 PACK CAN 5.7%,,BARRYS,,,,0,0,14,
480,5903538900628,89086,LOMZA EXPORT BOTTLE 500ML,LOMZA EXPORT BOTTLE 500ML 5.7% POL,BARRYS,,,,40,0,19,
481,,,5.7% POL,,,,,,,,,
482,5903538901908,89088,LOMZA NON FILTER BOT 500ML,LOMZA NON FILTER BOT 500ML 5.7% POL,BARRYS,,,,0,0,24,
483,,,5.7% POL,,,,,,,,,
484,5903538901724,89087,LOMZA NONPASTEURISED,LOMZA NONPASTEURISED 500ML 5.7% POL,BARRYS,,,,40,0,23,
485,,,500ML 5.7% POL,500ML 5.7% POL ,,,,,,,,
486,,,,,,,,,,,,
487,5010038484050,76439,MADRI 330ML 4PK BTL 4.6%,,BARRYS,,,,0,0,9,
488,200000225,76440~SINGL,MADRI 330ML BTL 4.6%,MADRI 330ML BTL 4.6% ,BARRYS,,,,0,0,5,
489,,E,, ,,,,,,,,
490,,,,,,,,,,,,
491,5010038483992,76700,MADRI 440ML 4PK CAN 4.6%,MADRI 440ML 4PK CAN 4.6% ,BARRYS,,,,0,0,8,
492,,,,,,,,,,,,
493,5010038484098,76438,MADRI 660ML BTL 4.6%,MADRI 660ML BTL 4.6% ,BARRYS,,,,0,0,48,
494,,,,,,,,,,,,
495,5010038468166,73738,MILLER 330ML 12PK BTL 4.7%,MILLER 330ML 12PK BTL 4.7% ,BARRYS,,,,10,0,3,
496,,,,,,,,,,,,
497,5010038460238,77653,MILLER BOTTLE NRB 330ML 4.7%,,BARRYS,,,,0,0,3,
498,5010038445419,88889,MOLSON CANADIAN  500ML CAN,MOLSON CANADIAN  500ML CAN 0.04,BARRYS,,,,0,0,8,
499,,,0.04,,,,,,,,,
500,88817,88817,MOLSON CANADIAN CAN 500ML,MOLSON CANADIAN CAN 500ML 0.04,BARRYS,,,,0,0,7,
501,,,0.04,,,,,,,,,
502,5905927000155,166175,PERLA HONEY 4PACK 50CL CAN,,KELLYH,,,,0,0,16,
503,Created using Rs-BackOffice v122.10.6 - www.RetailSolutions.ie,,,,,,,,,,Page : 7 / ,15
504,TILL 01 GROO-07/04/2023 00:50:32,,,,,,,,,,,
505,Barcode,Stock Code,Description,Description 5.4% NEW,Supplier,,Location,,On Order,Reserved,On Hand,
506,,,5.4% NEW,,,,,,,,,
507,5905927061415,166173,PERLA HONEY BEER BOT 500ML,PERLA HONEY BEER BOT 500ML 5.4% NEW,BARRYS,,,,100,0,61,
508,,,5.4% NEW,,,,,,,,,
509,5905927007574,166170,PERLA MOCNA 50CL CAN 7.1%,PERLA MOCNA 50CL CAN 7.1% NEW,BARRYS,,,,0,0,117,
510,,,NEW,,,,,,,,,
511,5905927007178,166106,PERLA MOCNA BEER BOT 500ML,PERLA MOCNA BEER BOT 500ML 7.1% POL,BARRYS,,,,100,0,29,
512,,,7.1% POL,7.1% POL ,,,,,,,,
513,,,,,,,,,,,,
514,8008440122216,89003,PERONI 330ML 12 PK BTL,PERONI 330ML 12 PK BTL ,BARRYS,,,,0,0,7,
515,,,,,,,,,,,,
516,8008440112682,89226,PERONI 330ML 12 PK BTL 5%,PERONI 330ML 12 PK BTL 5% ,BARRYS,,,,10,0,6,
517,,,,,,,,,,,,
518,8008440210456,89225,PERONI BOTTLE 330ML 5% ITA,PERONI BOTTLE 330ML 5% ITA ,BARRYS,,,,0,0,39,
519,,,,,,,,,,,,
520,80067986,88961,PERONI BOTTLE 330ML 5.1% ITA,,BARRYS,,,,0,0,8,
521,5010103941853,87521,ROCKSHORE IRISH LAGER 8PK,ROCKSHORE IRISH LAGER 8PK CAN 4%.,BARRYS,,,,9,0,7,
522,,,CAN 4%.,CAN 4%. ,,,,,,,,
523,,,,,,,,,,,,
524,5000213023631,77945,ROCKSHORE LAGER 4PK CAN,,BARRYS,,,,0,0,31,
525,87421SINGLE,,ROCKSHORE LIGHT LAGER CAN,ROCKSHORE LIGHT LAGER CAN 0.035,BARRYS,,,,0,0,7,
526,,,0.035,,,,,,,,,
527,5011046008160,56836~SINGL,SMITHWICKS 500ML CAN,SMITHWICKS 500ML CAN ,BARRYS,,,,0,0,1,
528,,E,,,,,,,,,,
529,5000213017081,77759,SMITHWICKS BOTTLE 500ML,SMITHWICKS BOTTLE 500ML 0.038,BARRYS,,,,24,0,7,
530,,,0.038,,,,,,,,,
531,5000291000005,77241,SMITHWICKS CAN 500ML 8PK,SMITHWICKS CAN 500ML 8PK 0.038,BARRYS,,,,0,0,13,
532,,,0.038,0.038 ,,,,,,,,
533,,,,,,,,,,,,
534,8712000055110,69192,SOL BOTTLE 330ML 6 PACK 4.2%,SOL BOTTLE 330ML 6 PACK 4.2% ,BARRYS,,,,0,0,26,
535,,,,,,,,,,,,
536,3162330500104,151271,SOMBRERO RED 500ML 5.9%,,BARRYS,,,,0,0,1,
537,3162330330015,151264,SOMBRERO TEQ BEER BOT,SOMBRERO TEQ BEER BOT 330ML 3PK5.9%,BARRYS,,,,0,0,14,
538,,,330ML 3PK5.9%,,,,,,,,,
539,5010038453964,89063,STAROPRAMEN 330ML 12PK BTL,STAROPRAMEN 330ML 12PK BTL 0.05,BARRYS,,,,0,0,1,
540,,,0.05,0.05 ,,,,,,,,
541,,,,,,,,,,,,
542,5010038453926,89066,STAROPRAMEN 660ML BTL 5%,STAROPRAMEN 660ML BTL 5% ,BARRYS,,,,0,0,6,
543,,,,,,,,,,,,
544,5014379016406,78723,STELLA 500ML 4PK CAN 4.6%,STELLA 500ML 4PK CAN 4.6% ,BARRYS,,,,0,0,22,
545,,,,,,,,,,,,
546,5000213026656,121105,TUBORG CAN 440ML 6PK 4%,TUBORG CAN 440ML 6PK 4% ,BARRYS,,,,0,0,44,
547,,,,,,,,,,,,
548,5000196000391,79864,TUBORG CAN 500ML 8 PACK 4%,TUBORG CAN 500ML 8 PACK 4% ,BARRYS,,,,0,0,10,
549,,,,,,,,,,,,
550,5901359062013,88869,TYSKIE BOTTLE 500ML 5.2% POL,TYSKIE BOTTLE 500ML 5.2% POL ,BARRYS,,,,140,0,5,
551,,,,,,,,,,,,
552,5901359000237,88878,TYSKIE CAN 500ML 5.2% POL,TYSKIE CAN 500ML 5.2% POL ,BARRYS,,,,0,0,52,
553,,,,,,,,,662,0,2942,
554,F,,ALCOPOPS,,,,,,,,,
555,850035474082,171454,BUZZBALLZ CHILI MANGO 200ML,BUZZBALLZ CHILI MANGO 200ML 0.135,MISC,,,,0,0,54,
556,,,0.135,,,,,,,,,
557,850035474037,171451,BUZZBALLZ CHOCTEASE 200ML,BUZZBALLZ CHOCTEASE 200ML 0.135,MISC,,,,48,0,46,
558,,,0.135,,,,,,,,,
559,850035474105,171452,BUZZBALLZ STRAWB RITA,BUZZBALLZ STRAWB RITA 200ML 13.5%,MISC,,,,0,0,20,
560,,,200ML 13.5%,,,,,,,,,
561,1230000039147,89128,FOUR LOKO BLUE 440ML CAN,FOUR LOKO BLUE 440ML CAN 0.085,BARRYS,,,,0,0,55,
562,,,0.085,,,,,,,,,
563,1230000039239,89135,FOUR LOKO BLUE RAZZ CAN,FOUR LOKO BLUE RAZZ CAN 0.085,BARRYS,,,,0,0,92,
564,,,0.085,,,,,,,,,
565,1230000039178,89130,FOUR LOKO FRUITPUNCH 440ML,FOUR LOKO FRUITPUNCH 440ML CAN 8.5%,BARRYS,,,,0,0,72,
566,,,CAN 8.5%,,,,,,,,,
567,1230000039024,89131,FOUR LOKO GOLD 440ML CAN,FOUR LOKO GOLD 440ML CAN 0.085,MISC,,,,0,0,37,
568,,,0.085,,,,,,,,,
569,1230000039000,89129,FOUR LOKO SOUR APPLE 440ML,FOUR LOKO SOUR APPLE 440ML CAN 8.5%,BARRYS,,,,0,0,72,
570,,,CAN 8.5%,,,,,,,,,
571,1230000039260,89134,FOUR LOKO TROPICAL CAN,FOUR LOKO TROPICAL CAN 0.085,BARRYS,,,,0,0,39,
572,,,0.085,,,,,,,,,
573,5900226006310,166947,IMPRESS CRANBERRY 250ML,IMPRESS CRANBERRY 250ML 0.044,BARRYS,,,,0,0,106,
574,,,0.044,,,,,,,,,
575,5902738888989,166935,IMPRESS LEMON & LIME 250ML,,BARRYS,,,,0,0,109,
576,Created using Rs-BackOffice v122.10.6 - www.RetailSolutions.ie,,,,,,,,,,Page : 8 / ,15
577,TILL 01 GROO-07/04/2023 00:50:32,,,,,,,,,,,
578,Barcode,Stock Code,Description,Description 0.044,Supplier,,Location,,On Order,Reserved,On Hand,
579,,,0.044,,,,,,,,,
580,5902738888996,166944,IMPRESS WATERMELON 250ML,IMPRESS WATERMELON 250ML 0.044,BARRYS,,,,0,0,100,
581,,,0.044,0.044 ,,,,,,,,
582,,,,,,,,,,,,
583,4740098084020,88946,LE COQ MARGARITA 4.7% BTL,LE COQ MARGARITA 4.7% BTL ,KELLYH,,,,48,0,5,
584,,,,,,,,,,,,
585,4740098084044,503281,LE COQ MOJITO 330ML 4.7%,LE COQ MOJITO 330ML 4.7% ,KELLYH,,,,48,0,9,
586,,,,,,,,,,,,
587,5410316992060,89019,SMIRNOFF ICE 275ML 4%,SMIRNOFF ICE 275ML 4% ,BARRYS,,,,0,0,99,
588,,,,,,,,,,,,
589,5410316965606,88686,SMIRNOFF ICE RASPBERRY 4%,SMIRNOFF ICE RASPBERRY 4% ,BARRYS,,,,12,0,4,
590,,,,,,,,,,,,
591,5032678004542,166691,VK BLUE 275ML 4%,,BARRYS,,,,0,0,15,
592,5011007008208,78996,WEST COAST COOLER 750ML,WEST COAST COOLER 750ML 0.04,BARRYS,,,,0,0,5,
593,,,0.04,,,,,,,,,
594,5011007014315,78999,WEST COAST COOLER ROSE,WEST COAST COOLER ROSE 750ML 4%,BARRYS,,,,36,0,3,
595,,,750ML 4%,,,,,,,,,
596,5391537510694,75636,WHITE CLAW MANGO 4PK SEL,WHITE CLAW MANGO 4PK SEL 4.5CN,BARRYS,,,,0,0,1,
597,,,4.5CN,,,,,,,,,
598,5391537510229,75634,WHITE CLAW RASP 4PK,WHITE CLAW RASP 4PK SELTZER 4.5CN,BARRYS,,,,0,0,6,
599,,,SELTZER 4.5CN,,,,,,,,,
600,5391537511479,75638,WHITE CLAW WATERMELON 4PK,WHITE CLAW WATERMELON 4PK SEL 4.5CN,BARRYS,,,,0,0,5,
601,,,SEL 4.5CN,SEL 4.5CN ,,,,,,,,
602,,,,,,,,,,,,
603,5024993729682,77892,WKD BLUE 275ML 4%,WKD BLUE 275ML 4% ,BARRYS,,,,48,0,51,
604,,,,,,,,,,,,
605,5024993859280,77875,WKD BLUE 275ML 4% 10PK,WKD BLUE 275ML 4% 10PK ,BARRYS,,,,0,0,4,
606,,,,,,,,,,,,
607,5024993729729,77894,WKD BLUE 700ML 4%,,BARRYS,,,,60,0,4,
608,5024993732071,78715,WKD BLUE LAGOON COCKTAIL,WKD BLUE LAGOON COCKTAIL 700ML 5.5%,BARRYS,,,,0,0,18,
609,,,700ML 5.5%,700ML 5.5% ,,,,,,,,
610,,,,,,,,,,,,
611,5024993730749,77890,WKD BLUSH 700ML BTL 4%,WKD BLUSH 700ML BTL 4% ,BARRYS,,,,0,0,12,
612,,,,,,,,,,,,
613,5024993731333,77870,WKD PINK GIN 275ML 4%,WKD PINK GIN 275ML 4% ,BARRYS,,,,0,0,28,
614,,,,,,,,,,,,
615,5024993732217,77878,WKD X BLUE 500ML CAN 7%,WKD X BLUE 500ML CAN 7% ,BARRYS,,,,0,0,30,
616,,,,,,,,,,,,
617,5024993732231,77879,WKD X ORIGINAL 500ML CAN 7%,WKD X ORIGINAL 500ML CAN 7% ,BARRYS,,,,0,0,38,
618,,,,,,,,,300,0,1139,
619,I,,MISC ITEMS,MISC ITEMS ,,,,,,,,
620,,,,,,,,,,,,
621,5011417771860,92340,DUREX COUNTER STAND CDU,,BARRYS,,,,0,0,2,
622,5000213026090,88877,GUINNESS NITROSURGE,GUINNESS NITROSURGE ACTIVATION UNIT,BARRYS,,,,0,0,1,
623,,,ACTIVATION UNIT,ACTIVATION UNIT ,,,,,,,,
624,,,,,,,,,,,,
625,6970560110348,555002,TYPE 1 MEDICAL MASKS,TYPE 1 MEDICAL MASKS ,TOBACC,,,,0,0,3,
626,,,,,,,,,0,0,6,
627,P,,PORT & SHERRY,,,,,,,,,
628,5601083001363,78357,SANDEMAN 3 STAR PORT,SANDEMAN 3 STAR PORT 750ML19.5%,BARRYS,,,,0,0,1,
629,,,750ML19.5%,750ML19.5% ,,,,,,,,
630,,,,,,,,,0,0,1,
631,S,,SPIRITS,SPIRITS ,,,,,,,,
632,,,,,,,,,,,,
633,5060045581570,88934,AFTERSHOCK BLUE 700ML 30%,AFTERSHOCK BLUE 700ML 30% ,BARRYS,,,,0,0,5,
634,,,,,,,,,,,,
635,5060045581594,88935,AFTERSHOCK RED 700ML 30%,AFTERSHOCK RED 700ML 30% ,BARRYS,,,,0,0,6,
636,,,,,,,,,,,,
637,8002230000302,ZDG67006,APEROL BARBIERI 700ML 11%,,DRINKS,,,,0,0,7,
638,608938413178,77350,APRES PEACH SCHNAPPS LIQ,APRES PEACH SCHNAPPS LIQ 700ML 16%,BARRYS,,,,0,0,3,
639,,,700ML 16%,,,,,,,,,
640,5010103926379,77927,ARCHERS PEACH SCHNAPPS,ARCHERS PEACH SCHNAPPS 700ML 18%,BARRYS,,,,0,0,2,
641,,,700ML 18%,,,,,,,,,
642,5010677012218,80028,BACARDI CARTA BLANCA NAG,BACARDI CARTA BLANCA NAG 200ML37.5%,BARRYS,,,,0,0,25,
643,,,200ML37.5%,,,,,,,,,
644,5011013100156,78410,BAILEYS IRISH CREAM 700ML,BAILEYS IRISH CREAM 700ML 0.17,BARRYS,,,,0,0,12,
645,,,0.17,0.17 ,,,,,,,,
646,,,,,,,,,,,,
647,5390377946151,91043,BAROVSKI VODKA 700ML 37.5%,,BARRYS,,,,24,0,23,
648,5390377946205,91050,BAROVSKI VODKA NAGGIN,BAROVSKI VODKA NAGGIN 200ML 37.5%,BARRYS,,,,0,0,121,
649,,,200ML 37.5%,,,,,,,,,
650,5011007020514,,BEEFEATER PINK GIN GLASS PK,,BARRYS,,,,0,0,1,
651,Created using Rs-BackOffice v122.10.6 - www.RetailSolutions.ie,,,,,,,,,,Page : 9 / ,15
652,TILL 01 GROO-07/04/2023 00:50:32,,,,,,,,,,,
653,Barcode,Stock Code,Description,Description 37.5%.,Supplier,,Location,,On Order,Reserved,On Hand,
654,,,37.5%.,37.5%. ,,,,,,,,
655,,,,,,,,,,,,
656,8716000963697,,BOLS AMARETTO 700ML 24%,BOLS AMARETTO 700ML 24% ,GWL,,,,0,0,6,
657,,,,,,,,,,,,
658,8710415900933,89053,BOLS TRIPLE SEC 700ML 38%,,GWL,,,,0,0,2,
659,5000281025346,88997,CAPTAIN MORGAN RUM NAGGIN,CAPTAIN MORGAN RUM NAGGIN 200ML 35%,BARRYS,,,,24,0,46,
660,,,200ML 35%,200ML 35% ,,,,,,,,
661,,,,,,,,,,,,
662,5010103916738,164656,CIROC VODKA BTL 700ML 40%,CIROC VODKA BTL 700ML 40% ,BARRYS,,,,0,0,1,
663,,,,,,,,,,,,
664,5011007010355,77663,CORK DRY GIN 350ML 37.5%,,BARRYS,,,,0,0,10,
665,5011007010096,77223,CORK DRY GIN NAGGIN 200ML,CORK DRY GIN NAGGIN 200ML 0.375,BARRYS,,,,0,0,8,
666,,,0.375,,,,,,,,,
667,88004144739,120130,FIREBALL WHISKEY LIQUER,FIREBALL WHISKEY LIQUER 200ML 33%,BARRYS,,,,0,0,10,
668,,,200ML 33%,,,,,,,,,
669,88004026370,77490,FIREBALL WHISKEY LIQUER,FIREBALL WHISKEY LIQUER 50ML 33%,BARRYS,,,,0,0,16,
670,,,50ML 33%,50ML 33% ,,,,,,,,
671,,,,,,,,,,,,
672,8004160664500,156396,FRANGELICO 700ML 20%,FRANGELICO 700ML 20% ,BARRYS,,,,0,0,1,
673,,,,,,,,,,,,
674,5000289020305,80544,GORDONS DRY GIN 350ML 37.5%,,BARRYS,,,,0,0,4,
675,5000289925068,77640,GORDONS GIN & TONIC 250ML,GORDONS GIN & TONIC 250ML CAN 6.4%,BARRYS,,,,0,0,2,
676,,,CAN 6.4%,,,,,,,,,
677,5000289933070,77667,GORDONS GIN &TONIC CAN,GORDONS GIN &TONIC CAN 10PK  6.4%,BARRYS,,,,0,0,2,
678,,,10PK  6.4%,10PK  6.4% ,,,,,,,,
679,,,,,,,,,,,,
680,5000289112208,77590,GORDONS GIN 200ML 37.5%,GORDONS GIN 200ML 37.5% ,BARRYS,,,,0,0,7,
681,,,,,,,,,,,,
682,5000289925440,77773,GORDONS GIN 700ML 37.5%,,BARRYS,,,,0,0,11,
683,5000289930963,89515,GORDONS PINK GIN&TONIC 4PK,GORDONS PINK GIN&TONIC 4PK CAN 6.4%,BARRYS,,,,0,0,3,
684,,,CAN 6.4%,,,,,,,,,
685,5000289931892,77905,GORDONS PREMIUM PINK GIN,GORDONS PREMIUM PINK GIN 350ML,BARRYS,,,,0,0,27,
686,,,350ML,,,,,,,,,
687,5000289929981,77794,GORDONS PREMIUM PINK GIN,GORDONS PREMIUM PINK GIN 37.5% 1LTR,BARRYS,,,,0,0,2,
688,,,37.5% 1LTR,,,,,,,,,
689,5000289929417,77796,GORDONS PREMIUM PINK GIN,GORDONS PREMIUM PINK GIN 37.5% 700M,BARRYS,,,,0,0,29,
690,,,37.5% 700M,,,,,,,,,
691,5000289929745,77900,GORDONS PREMIUM PINK GIN,GORDONS PREMIUM PINK GIN 50ML,BARRYS,,,,0,0,37,
692,,,50ML,,,,,,,,,
693,5000289932479,77804,GORDONS SICILIAN LEMON GIN,GORDONS SICILIAN LEMON GIN 0.375,BARRYS,,,,0,0,5,
694,,,0.375,,,,,,,,,
695,5010677850100,42179,GREY GOOSE VODKA 700ML,GREY GOOSE VODKA 700ML 0.4,BARRYS,,,,0,0,1,
696,,,0.4,0.4 ,,,,,,,,
697,,,,,,,,,,,,
698,3245990250302,77841,HENNESSY BRANDY 350ML 40%,HENNESSY BRANDY 350ML 40% ,BARRYS,,,,0,0,2,
699,,,,,,,,,,,,
700,3245990250203,77839,HENNESSY BRANDY 700ML 40%,HENNESSY BRANDY 700ML 40% ,BARRYS,,,,0,0,2,
701,,,,,,,,,,,,
702,3245990319801,77842,HENNESSY NAGGIN 200ML 40%,,BARRYS,,,,0,0,22,
703,3245998955919,,HENNESSY VS 700ML 2 GLASS,HENNESSY VS 700ML 2 GLASS PACK 40%,BARRYS,,,,0,0,6,
704,,,PACK 40%,,,,,,,,,
705,3245997220919,77209,HENNESSY VS 700ML 2 GLASS,HENNESSY VS 700ML 2 GLASS PACK 40%,BARRYS,,,,0,0,6,
706,,,PACK 40%,,,,,,,,,
707,5016840000068,44576,HIGH COMMISSIONER SCOT,HIGH COMMISSIONER SCOT NAG 200ML40%,BARRYS,,,,0,0,46,
708,,,NAG 200ML40%,,,,,,,,,
709,5016840000129,44577,HIGH COMMISSIONER SCOTCH,HIGH COMMISSIONER SCOTCH 350ML 40%,BARRYS,,,,0,0,24,
710,,,350ML 40%,,,,,,,,,
711,5016840000211,44578,HIGH COMMISSIONER SCOTCH,HIGH COMMISSIONER SCOTCH 700ML 40%,BARRYS,,,,0,0,8,
712,,,700ML 40%,700ML 40% ,,,,,,,,
713,,,,,,,,,,,,
714,5011007012205,77221,HUZZAR VODKA 350ML 37.5%,,BARRYS,,,,0,0,46,
715,5011007012083,77222,HUZZAR VODKA NAGGIN 200ML,HUZZAR VODKA NAGGIN 200ML 0.375,BARRYS,,,,24,0,41,
716,,,0.375,,,,,,,,,
717,5900226008031,166945,IMPRESS BLACKCURRANT,IMPRESS BLACKCURRANT 250ML 4.4%,BARRYS,,,,0,0,107,
718,,,250ML 4.4%,250ML 4.4% ,,,,,,,,
719,,,,,,,,,,,,
720,5900226008048,166946,IMPRESS KAMIKAZE 250ML 4.4%,IMPRESS KAMIKAZE 250ML 4.4% ,BARRYS,,,,0,0,86,
721,,,,,,,,,,,,
722,4067700121035,88838,JAGERMEISTER 100ML 35% NEW,JAGERMEISTER 100ML 35% NEW ,BARRYS,,,,0,0,66,
723,,,,,,,,,,,,
724,4067700014573,89200,JAGERMEISTER 350ML 35%,JAGERMEISTER 350ML 35% ,BARRYS,,,,0,0,3,
725,,,,,,,,,,,,
726,4067700013927,74738,JAGERMEISTER 700ML 35%,,BARRYS,,,,0,0,8,
727,Created using Rs-BackOffice v122.10.6 - www.RetailSolutions.ie,,,,,,,,,,Page : 10 / ,15
728,TILL 01 GROO-07/04/2023 00:50:32,,,,,,,,,,,
729,Barcode,Stock Code,Description,,Supplier,,Location,,On Order,Reserved,On Hand,
730,5011007018764,89655,JAMESON 2 GLASS GIFT SET,JAMESON 2 GLASS GIFT SET 700ML 40%.,BARRYS,,,,0,0,3,
731,,,700ML 40%.,,,,,,,,,
732,501100701677,77229,JAMESON 700ML SBC 40%,,BARRYS,,,,0,0,6,
733,7,,,,,,,,,,,
734,5011007003654,77217,JAMESON IRISH WHISKEY 350ML,JAMESON IRISH WHISKEY 350ML 0.4,BARRYS,,,,0,0,3,
735,,,0.4,,,,,,,,,
736,5011007003128,44650,JAMESON IRISH WHISKEY MINI,JAMESON IRISH WHISKEY MINI 50ML 40%,BARRYS,,,,0,0,18,
737,,,50ML 40%,,,,,,,,,
738,7501035042308,ZDG09033,JOSE CUERVO ESPECIAL,JOSE CUERVO ESPECIAL SILVER 40%,DRINKS,,,,0,0,4,
739,,,SILVER 40%,,,,,,,,,
740,7501035042131,88802,JOSE CUERVO TEQUILA GOLD,JOSE CUERVO TEQUILA GOLD 700ML 38%,BARRYS,,,,0,0,3,
741,,,700ML 38%,,,,,,,,,
742,7393714645647,77722,KOPP GIN MIXED FRUIT CN,KOPP GIN MIXED FRUIT CN 250ML 4P 5%,BARRYS,,,,0,0,11,
743,,,250ML 4P 5%,,,,,,,,,
744,7393714645142,77922,KOPP STRW/LIME GIN CAN,KOPP STRW/LIME GIN CAN 250ML 4PK 5%,BARRYS,,,,0,0,11,
745,,,250ML 4PK 5%,250ML 4PK 5% ,,,,,,,,
746,,,,,,,,,,,,
747,5900595008793,166951,KRUPNIK CHERRY LIQ 10CL 30%,,BARRYS,,,,0,0,32,
748,5900595008847,166950,KRUPNIK CHERRY LIQUEUR,KRUPNIK CHERRY LIQUEUR 50CL 30%,BARRYS,,,,0,0,8,
749,,,50CL 30%,,,,,,,,,
750,5900595008724,166953,KRUPNIK HAZELNUT LIQ 10CL,KRUPNIK HAZELNUT LIQ 10CL 0.3,BARRYS,,,,0,0,10,
751,,,0.3,0.3 ,,,,,,,,
752,,,,,,,,,,,,
753,5900595002432,166478,KRUPNIK HONEY LIQ 500ML 38%,KRUPNIK HONEY LIQ 500ML 38% ,BARRYS,,,,0,0,14,
754,,,,,,,,,,,,
755,5900595008519,166940,KRUPNIK LEMON LIQ 10CL 30%,,BARRYS,,,,16,0,15,
756,5900595008564,166983,KRUPNIK LEMON LIQUEUR 50CL,KRUPNIK LEMON LIQUEUR 50CL 0.3,BARRYS,,,,0,0,12,
757,,,0.3,,,,,,,,,
758,5900595008779,166965,KRUPNIK NUT LIQUEUR 50CL,KRUPNIK NUT LIQUEUR 50CL 0.3,BARRYS,,,,0,0,3,
759,,,0.3,0.3 ,,,,,,,,
760,,,,,,,,,,,,
761,5900595008441,166941,KRUPNIK PLUM LIQ 10CL 30%,,BARRYS,,,,0,0,11,
762,5900595008496,166961,KRUPNIK PLUM LIQUEUR 50CL,KRUPNIK PLUM LIQUEUR 50CL 0.3,BARRYS,,,,0,0,17,
763,,,0.3,0.3 ,,,,,,,,
764,,,,,,,,,,,,
765,5900595008373,166942,KRUPNIK QUINCE LIQ 10CL 30%,,BARRYS,,,,0,0,8,
766,5900595008427,166962,KRUPNIK QUINCE LIQUEUR 50CL,KRUPNIK QUINCE LIQUEUR 50CL 0.3,BARRYS,,,,0,0,4,
767,,,0.3,0.3 ,,,,,,,,
768,,,,,,,,,,,,
769,5900595004801,166995,KRUPNIK VODKA 40% 100ML,,BARRYS,,,,0,0,9,
770,5900595004788,166985,KRUPNIK VODKA 40% 200ML,KRUPNIK VODKA 40% 200ML NEW,BARRYS,,,,20,0,32,
771,,,NEW,NEW ,,,,,,,,
772,,,,,,,,,,,,
773,5900595004696,166991,KRUPNIK VODKA 40% 700ML,,BARRYS,,,,0,0,9,
774,8410024711028,77924,MALIBU PASSIONFRUIT RUM,MALIBU PASSIONFRUIT RUM 700ML 21%,MISC,,,,0,0,9,
775,,,700ML 21%,,,,,,,,,
776,5010284100070,77607,MALIBU RUM NAGGIN 200ML,MALIBU RUM NAGGIN 200ML 0.21,BARRYS,,,,0,0,28,
777,,,0.21,0.21 ,,,,,,,,
778,,,,,,,,,,,,
779,7630040402019,88311,MARTINI EXTRA DRY 750ML 15%,MARTINI EXTRA DRY 750ML 15% ,BARRYS,,,,0,0,5,
780,,,,,,,,,,,,
781,5010319051001,88308,MARTINI ROSSO 750ML 15%..,,BARRYS,,,,0,0,2,
782,5391397620205,92194,MICKEY FINN SOUR APPLE,MICKEY FINN SOUR APPLE 500ML 15%,BARRYS,,,,0,0,13,
783,,,500ML 15%,,,,,,,,,
784,5391397621202,92188,MICKEY FINN SOUR RASPBERRY,MICKEY FINN SOUR RASPBERRY 500M 15%,BARRYS,,,,0,0,6,
785,,,500M 15%,,,,,,,,,
786,5391397671207,92195,MICKEY FINN STRAWBERRY,MICKEY FINN STRAWBERRY 500ML 15%,BARRYS,,,,0,0,14,
787,,,500ML 15%,,,,,,,,,
788,5011007005290,77220,PADDY IRISH WHISKEY 350ML,PADDY IRISH WHISKEY 350ML 0.4,BARRYS,,,,0,0,8,
789,,,0.4,,,,,,,,,
790,1210000100771,77886,PADDY IRISH WHISKEY 700ML,PADDY IRISH WHISKEY 700ML 0.4,BARRYS,,,,0,0,3,
791,,,0.4,,,,,,,,,
792,1210000101181,80207,PADDY IRISH WHISKEY 700ML,PADDY IRISH WHISKEY 700ML 40% WOOLE,BARRYS,,,,0,0,7,
793,,,40% WOOLE,,,,,,,,,
794,3035540001740,161112,PASSOA PASSION FRUIT,PASSOA PASSION FRUIT LIQUEUR 17% 70,BARRYS,,,,0,0,1,
795,,,LIQUEUR 17% 70,LIQUEUR 17% 70 ,,,,,,,,
796,,,,,,,,,,,,
797,5391515830011,44400,PIRANHA APPLE 500ML,,BARRYS,,,,0,0,6,
798,Created using Rs-BackOffice v122.10.6 - www.RetailSolutions.ie,,,,,,,,,,Page : 11 / ,15
799,TILL 01 GROO-07/04/2023 00:50:32,,,,,,,,,,,
800,Barcode,Stock Code,Description,,Supplier,,Location,,On Order,Reserved,On Hand,
801,5391515830158,42146,PIRANHA CHERRY BOTTLE,PIRANHA CHERRY BOTTLE 500ML,BARRYS,,,,0,0,5,
802,,,500ML,500ML ,,,,,,,,
803,,,,,,,,,,,,
804,5391515830035,42124,PIRANHA KOLA BOTTLE 500ML,PIRANHA KOLA BOTTLE 500ML ,BARRYS,,,,0,0,10,
805,,,,,,,,,,,,
806,5391515830509,42145,PIRANHA PEACH BOTTLE 500ML,,BARRYS,,,,0,0,6,
807,5011007001292,77216,POWERS IRISH WHISKEY 350ML,POWERS IRISH WHISKEY 350ML 0.4,BARRYS,,,,0,0,1,
808,,,0.4,,,,,,,,,
809,501100700126,41227,POWERS IRISH WHISKEY 700ML,,BARRYS,,,,0,0,3,
810,1,,0.4,,,,,,,,,
811,5011007001025,60004,POWERS IRISH WHISKEY 700ML,POWERS IRISH WHISKEY 700ML 0.4,BARRYS,,,,0,0,2,
812,,,0.4,,,,,,,,,
813,5011007008345,45068,REDBREAST 12Y IRISH WHSKY,REDBREAST 12Y IRISH WHSKY 700ML 40%,BARRYS,,,,0,0,1,
814,,,700ML 40%,700ML 40% ,,,,,,,,
815,,,,,,,,,,,,
816,8716000966445,78568,SAMBUCA VACCARI 700ML 38%,,BARRYS,,,,0,0,9,
817,5410316945318,86585,SMIRNOFF & CRANBERRY CAN,SMIRNOFF & CRANBERRY CAN 250ML 5%,BARRYS,,,,12,0,5,
818,,,250ML 5%,250ML 5% ,,,,,,,,
819,,,,,,,,,,,,
820,5011013405114,77677,SMIRNOFF 1L 37.5%,SMIRNOFF 1L 37.5% ,BARRYS,,,,12,0,23,
821,,,,,,,,,,,,
822,5410316072014,160257,SMIRNOFF 500ML 37.5%,,BARRYS,,,,0,0,82,
823,5410316962711,77635,SMIRNOFF INFUS ORG GF,SMIRNOFF INFUS ORG GF &BITTERS 23%,BARRYS,,,,0,0,1,
824,,,&BITTERS 23%,,,,,,,,,
825,5410316966139,77632,SMIRNOFF MANGO & PFRUIT,SMIRNOFF MANGO & PFRUIT VODKA 37.5%,BARRYS,,,,0,0,9,
826,,,VODKA 37.5%,VODKA 37.5% ,,,,,,,,
827,,,,,,,,,,,,
828,5410316986489,47122,SMIRNOFF MINI 50ML 37.5%,,BARRYS,,,,60,0,35,
829,5410316233446,30051,SMIRNOFF NAGGIN 200ML 37.5%,SMIRNOFF NAGGIN 200ML 37.5% PET,BARRYS,,,,0,0,44,
830,,,PET,,,,,,,,,
831,5410316965385,77631,SMIRNOFF RASP VODKA 700ML,SMIRNOFF RASP VODKA 700ML 37.5%.,BARRYS,,,,12,0,2,
832,,,37.5%.,,,,,,,,,
833,5410316982429,77633,SMIRNOFF VANILLA VODKA,SMIRNOFF VANILLA VODKA 0.375,GWL,,,,6,0,1,
834,,,0.375,0.375 ,,,,,,,,
835,,,,,,,,,,,,
836,5011013400157,77630,SMIRNOFF VODKA 700ML 37.5%,,BARRYS,,,,0,0,139,
837,1210000100535,74735,SOUTHERN COMFORT 200ML,SOUTHERN COMFORT 200ML 0.35,BARRYS,,,,0,0,2,
838,,,0.35,0.35 ,,,,,,,,
839,,,,,,,,,,,,
840,5010093288006,41264,TEACHERS SCOTCH 200ML 40%,TEACHERS SCOTCH 200ML 40% ,BARRYS,,,,0,0,39,
841,,,,,,,,,,,,
842,5010093259006,151197,TEACHERS SCOTCH 700ML 40%,,BARRYS,,,,0,0,3,
843,5011026108903,77395,TULLAMORE DEW 2 GLASS PK,TULLAMORE DEW 2 GLASS PK 700ML 40%,BARRYS,,,,0,0,1,
844,,,700ML 40%,,,,,,,,,
845,5391524713930,41041,TWO TREES PINK GIN 700ML,TWO TREES PINK GIN 700ML 0.375,BARRYS,,,,0,0,3,
846,,,0.375,0.375 ,,,,,,,,
847,,,,,,,,,210,0,1679,
848,T,,ACCESSORIES,,,,,,,,,
849,5390163002160,88214,LARGE SINGLE BOTTLE BAGS,LARGE SINGLE BOTTLE BAGS X1000 KS21,BARRYS,,,,0,0,1,
850,,,X1000 KS21,X1000 KS21 ,,,,,,,,
851,,,,,,,,,0,0,1,
852,W,,WINE PRODUCTS,WINE PRODUCTS ,,,,,,,,
853,,,,,,,,,,,,
854,7804413001943,80003,AVIARY CHARDONNAY 750ML,,BARRYS,,,,0,0,1,
855,3700619312040,86231,BEAUREMPART RED GRANDE,BEAUREMPART RED GRANDE RES 750ML,BARRYS,,,,0,0,5,
856,,,RES 750ML,,,,,,,,,
857,5060078183543,79802,BLOSSOM HILL WHITE 750ML,BLOSSOM HILL WHITE 750ML 0.115,BARRYS,,,,0,0,1,
858,,,0.115,,,,,,,,,
859,5410316286954,79738,BLOSSOM HILL WHITE WINE,BLOSSOM HILL WHITE WINE 750ML,BARRYS,,,,0,0,1,
860,,,750ML,,,,,,,,,
861,5011057095661,80045,BUCKFAST TONIC WINE 350ML,BUCKFAST TONIC WINE 350ML 0.148,BARRYS,,,,0,0,16,
862,,,0.148,,,,,,,,,
863,5027882000008,67960,BUCKFAST TONIC WINE 750ML,BUCKFAST TONIC WINE 750ML 0.148,BARRYS,,,,0,0,7,
864,,,0.148,,,,,,,,,
865,9310297036486,67665,CALI BY SNOOP CALI ROSE,CALI BY SNOOP CALI ROSE 750ML,BARRYS,,,,0,0,54,
866,,,750ML,,,,,,,,,
867,Created using Rs-BackOffice v122.10.6 - www.RetailSolutions.ie,,,,,,,,,,Page : 12 / ,15
868,TILL 01 GROO-07/04/2023 00:50:32,,,,,,,,,,,
869,Barcode,Stock Code,Description,,Supplier,,Location,,On Order,Reserved,On Hand,
870,8410302122850,65118,CAMPO VIEJO GARNACHA RIOJA,CAMPO VIEJO GARNACHA RIOJA 750ML,BARRYS,,,,0,0,4,
871,,,750ML,,,,,,,,,
872,7804320256900,78121,CASILLERO DEL DIABLO CHARD,CASILLERO DEL DIABLO CHARD 750ML,BARRYS,,,,0,0,35,
873,,,750ML,,,,,,,,,
874,7804320985633,88542,CASILLERO DEL DIABLO,CASILLERO DEL DIABLO MERLOT 750ML,BARRYS,,,,0,0,5,
875,,,MERLOT 750ML,,,,,,,,,
876,7804320355979,89671,CASILLERO DEL DIABLO P,CASILLERO DEL DIABLO P GRIGIO 750ML,BARRYS,,,,0,0,18,
877,,,GRIGIO 750ML,,,,,,,,,
878,7804320131344,77904,CASILLERO DEL DIABLO ROSE,CASILLERO DEL DIABLO ROSE 750ML,BARRYS,,,,0,0,36,
879,,,750ML,,,,,,,,,
880,7804320301174,159531,CASILLERO DEL DIABLO SAUV,CASILLERO DEL DIABLO SAUV BLNC 750M,BARRYS,,,,0,0,29,
881,,,BLNC 750M,,,,,,,,,
882,5015063712444,29860,CHARLEMAGNE GOLD LABEL,CHARLEMAGNE GOLD LABEL 1.5L,BARRYS,,,,0,0,3,
883,,,1.5L,,,,,,,,,
884,7804320753607,80372,CONO SUR BICICLETA CAB,CONO SUR BICICLETA CAB SAUV750ML,BARRYS,,,,0,0,11,
885,,,SAUV750ML,,,,,,,,,
886,7804320753003,80376,CONO SUR BICICLETA SAUV,CONO SUR BICICLETA SAUV BLANC 750ML,BARRYS,,,,0,0,10,
887,,,BLANC 750ML,BLANC 750ML ,,,,,,,,
888,,,,,,,,,,,,
889,7804320344072,80370,CONO SUR BICICLETA TWIN PK,,BARRYS,,,,0,0,6,
890,5397136012379,80380,CONO SUR CABERNET,CONO SUR CABERNET SAUVIGNON 750ML,BARRYS,,,,0,0,33,
891,,,SAUVIGNON 750ML,,,,,,,,,
892,5397136012355,80381,CONO SUR SAUVIGNON BLANC,CONO SUR SAUVIGNON BLANC 750ML,BARRYS,,,,0,0,38,
893,,,750ML,,,,,,,,,
894,7791540044502,155463,DADA MALBEC BONARDA,DADA MALBEC BONARDA ARGENTINA 750ML,BARRYS,,,,0,0,11,
895,,,ARGENTINA 750ML,,,,,,,,,
896,9300770043605,79504,EAGLE HAWK CHARDONNAY,EAGLE HAWK CHARDONNAY 750ML,BARRYS,,,,0,0,5,
897,,,750ML,750ML ,,,,,,,,
898,,,,,,,,,,,,
899,9300770065720,79638,EAGLE HAWK MERLOT 750ML,,BARRYS,,,,0,0,11,
900,9312088004131,88830,EAGLE HAWK SAUVIGNON,EAGLE HAWK SAUVIGNON BLANC 750ML,BARRYS,,,,0,0,16,
901,,,BLANC 750ML,,,,,,,,,
902,9300770044886,79415,EAGLE HAWK SHIRAZ 750ML,EAGLE HAWK SHIRAZ 750ML 0.135,BARRYS,,,,0,0,1,
903,,,0.135,,,,,,,,,
904,8410441409171,80402,FAUSTINO V RED & GLASS GIFT,FAUSTINO V RED & GLASS GIFT BOX,BARRYS,,,,0,0,2,
905,,,BOX,BOX ,,,,,,,,
906,,,,,,,,,,,,
907,8410441221001,80411,FAUSTINO V11 ROSE 750ML,,BARRYS,,,,0,0,1,
908,8410036808396,79824,FREIXENET STILL ITALIAN ROSE,FREIXENET STILL ITALIAN ROSE 750ML,BARRYS,,,,0,0,3,
909,,,750ML,,,,,,,,,
910,9421901669812,88663,GRAHAM NORTON ROSE 12.5%,GRAHAM NORTON ROSE 12.5% 750ML,BARRYS,,,,0,0,10,
911,,,750ML,750ML ,,,,,,,,
912,,,,,,,,,,,,
913,3700619314389,156126,HEAVENLY MALBEC IGP 750ML,,BARRYS,,,,0,0,8,
914,3700619341255,156125,HEAVENLY SAUVIGNON BLANC,HEAVENLY SAUVIGNON BLANC IGP 750ML,BARRYS,,,,0,0,29,
915,,,IGP 750ML,IGP 750ML ,,,,,,,,
916,,,,,,,,,,,,
917,5060215331035,79434,I HEART CABERNET SAUV 750ML,,BARRYS,,,,0,0,33,
918,5060215334531,79439,I HEART FRIZZANTE ROSE 12%,I HEART FRIZZANTE ROSE 12% 750M,BARRYS,,,,0,0,4,
919,,,750M,750M ,,,,,,,,
920,,,,,,,,,,,,
921,5060215330090,79435,I HEART MERLOT 13% 750ML,,BARRYS,,,,0,0,8,
922,5060215330083,79432,I HEART PINOT GRIGIO 750ML,I HEART PINOT GRIGIO 750ML 0.12,BARRYS,,,,0,0,201,
923,,,0.12,,,,,,,,,
924,5060215334784,79481,I HEART PROSECCO SPUMANTE,I HEART PROSECCO SPUMANTE ROSE 750M,BARRYS,,,,0,0,27,
925,,,ROSE 750M,ROSE 750M ,,,,,,,,
926,,,,,,,,,,,,
927,5060215330007,171265,I HEART ROSE 750ML,,BARRYS,,,,0,0,4,
928,5060215330830,79433,I HEART SAUV BLANC 750ML,I HEART SAUV BLANC 750ML 0.12,BARRYS,,,,0,0,174,
929,,,0.12,0.12 ,,,,,,,,
930,,,,,,,,,,,,
931,5060215330014,171236,I HEART SHIRAZ 750ML,I HEART SHIRAZ 750ML ,BARRYS,,,,0,0,27,
932,,,,,,,,,,,,
933,3700619334585,79838,KYLIE MINOGUE MERLOT 750ML,,BARRYS,,,,0,0,4,
934,3700619334578,79837,KYLIE MINOGUE SAUVIGNON,KYLIE MINOGUE SAUVIGNON BLANC 750ML,BARRYS,,,,0,0,5,
935,,,BLANC 750ML,BLANC 750ML ,,,,,,,,
936,,,,,,,,,,,,
937,7791540446962,79461,LAS MORAS DADA 1 3PK 750ML,,BARRYS,,,,0,0,1,
938,Created using Rs-BackOffice v122.10.6 - www.RetailSolutions.ie,,,,,,,,,,Page : 13 / ,15
939,TILL 01 GROO-07/04/2023 00:50:32,,,,,,,,,,,
940,Barcode,Stock Code,Description,,Supplier,,Location,,On Order,Reserved,On Hand,
941,8410869450311,80363,MARQUES DE RISCAL RESERVA,MARQUES DE RISCAL RESERVA TWIN PK,BARRYS,,,,0,0,3,
942,,,TWIN PK,,,,,,,,,
943,5601012003017,171258,MATEUS ROSE GIFT BOX 2 BOT,MATEUS ROSE GIFT BOX 2 BOT 2 GLS,BARRYS,,,,0,0,2,
944,,,2 GLS,,,,,,,,,
945,764253003705,88527,MCGUIGAN B/L CHARDONNAY,MCGUIGAN B/L CHARDONNAY 750ML,BARRYS,,,,0,0,46,
946,,,750ML,,,,,,,,,
947,9310415016871,88526,MCGUIGAN B/L MALBEC 750ML,MCGUIGAN B/L MALBEC 750ML 0.13,BARRYS,,,,0,0,8,
948,,,0.13,0.13 ,,,,,,,,
949,,,,,,,,,,,,
950,764253505186,88528,MCGUIGAN B/L MERLOT 750ML,,BARRYS,,,,0,0,4,
951,764253950641,88529,MCGUIGAN B/L PINOT GRIGIO,MCGUIGAN B/L PINOT GRIGIO 750ML,BARRYS,,,,0,0,20,
952,,,750ML,,,,,,,,,
953,9315743501181,159883,MCGUIGAN B/L SAUVIGNON,MCGUIGAN B/L SAUVIGNON BLANC 750ML,BARRYS,,,,0,0,6,
954,,,BLANC 750ML,BLANC 750ML ,,,,,,,,
955,,,,,,,,,,,,
956,764253505452,88536,MCGUIGAN B/L SHIRAZ 750ML,,BARRYS,,,,0,0,9,
957,9310415017854,88537,MCGUIGAN FRIZZANTE EX BRUT,MCGUIGAN FRIZZANTE EX BRUT 750ML,BARRYS,,,,0,0,4,
958,,,750ML,,,,,,,,,
959,3760028335658,156113,MISSION SUD CABERNET SYRAH,MISSION SUD CABERNET SYRAH 750ML,BARRYS,,,,0,0,12,
960,,,750ML,750ML ,,,,,,,,
961,,,,,,,,,,,,
962,3700619333977,156701,MISSION SUD ROSE 750ML,,BARRYS,,,,0,0,25,
963,3700619305233,156116,MISSION SUD SAUVIGNON,MISSION SUD SAUVIGNON BLANC 750ML,BARRYS,,,,0,0,12,
964,,,BLANC 750ML,,,,,,,,,
965,9415549801604,89102,OYSTER BAY CHARDONNAY,OYSTER BAY CHARDONNAY 750ML,BARRYS,,,,0,0,5,
966,,,750ML,,,,,,,,,
967,9415549802601,47546,OYSTER BAY SAUVIGNON,OYSTER BAY SAUVIGNON BLANC 750ML,BARRYS,,,,0,0,9,
968,,,BLANC 750ML,,,,,,,,,
969,7804330311101,78506,SANTA RITA 120 CABERNET,SANTA RITA 120 CABERNET SAUV 750ML,BARRYS,,,,0,0,12,
970,,,SAUV 750ML,,,,,,,,,
971,7804330351206,78505,SANTA RITA 120 CHARDONNAY,SANTA RITA 120 CHARDONNAY 750ML,BARRYS,,,,0,0,21,
972,,,750ML,750ML ,,,,,,,,
973,,,,,,,,,,,,
974,7804330341108,78504,SANTA RITA 120 MERLOT 750ML,SANTA RITA 120 MERLOT 750ML ,BARRYS,,,,0,0,12,
975,,,,,,,,,,,,
976,7804330007141,77799,SANTA RITA 120 PINOT GRIGIO,SANTA RITA 120 PINOT GRIGIO ,BARRYS,,,,0,0,126,
977,,,,,,,,,,,,
978,7804330611102,67990,SANTA RITA 120 ROSE 750ML,,BARRYS,,,,0,0,19,
979,7804330321209,79237,SANTA RITA 120 SAUV BLANC,SANTA RITA 120 SAUV BLANC 750ML,BARRYS,,,,0,0,431,
980,,,750ML,,,,,,,,,
981,8410113342768,80367,TORRES VINA SOL SANGRE DE,TORRES VINA SOL SANGRE DE T TWIN PK,BARRYS,,,,0,0,5,
982,,,T TWIN PK,,,,,,,,,
983,9312088411892,79493,WOLF BLASS Y/L CABERNET,WOLF BLASS Y/L CABERNET SAUV 750ML,BARRYS,,,,0,0,3,
984,,,SAUV 750ML,,,,,,,,,
985,9312088201905,79480,WOLF BLASS Y/L CHARDONNAY,WOLF BLASS Y/L CHARDONNAY 750ML,BARRYS,,,,0,0,2,
986,,,750ML,,,,,,,,,
987,5060078183376,80368,WOLF BLASS YELLOW 2 BOTTLE,WOLF BLASS YELLOW 2 BOTTLE GIFT BOX,BARRYS,,,,0,0,6,
988,,,GIFT BOX,GIFT BOX ,,,,,,,,
989,,,,,,,,,,,,
990,9322214007806,89596,YELLOW TAIL CAB SAUV 750ML,,BARRYS,,,,0,0,14,
991,9322214006205,89595,YELLOW TAIL CHARDONNAY,YELLOW TAIL CHARDONNAY 750ML,BARRYS,,,,0,0,4,
992,,,750ML,750ML ,,,,,,,,
993,,,,,,,,,,,,
994,9322214011360,67956,YELLOW TAIL MALBEC 750ML,YELLOW TAIL MALBEC 750ML ,BARRYS,,,,0,0,13,
995,,,,,,,,,,,,
996,9322214006328,67957,YELLOW TAIL MERLOT 750ML,,BARRYS,,,,0,0,1,
997,9322214009961,85588,YELLOW TAIL PINOT GRIGIO,YELLOW TAIL PINOT GRIGIO 750ML,BARRYS,,,,0,0,5,
998,,,750ML,750ML ,,,,,,,,
999,,,,,,,,,,,,
1000,9322214010486,89597,YELLOW TAIL ROSE 750ML,,BARRYS,,,,0,0,4,
1001,9322214011520,67955,YELLOW TAIL SAUV BLANC,YELLOW TAIL SAUV BLANC 750ML,BARRYS,,,,0,0,6,
1002,,,750ML,750ML ,,,,,,,,
1003,,,,,,,,,0,0,1747,
1004,X,,ICE,ICE ,,,,,,,,
1005,,,,,,,,,,,,
1006,99910748,,BAG OF ICE,BAG OF ICE ,ICE,,,,0,0,42,
1007,,,,,,,,,0,0,42,
1008,Z,,DISCONTINUED PRODUCTS,,,,,,,,,
1009,Created using Rs-BackOffice v122.10.6 - www.RetailSolutions.ie,,,,,,,,,,Page : 14 / ,15
1010,TILL 01 GROO-07/04/2023 00:50:32,,,,,,,,,,,
1011,Barcode,Stock Code,Description,,Supplier,,Location,,On Order,Reserved,On Hand,
1012,5000289933490,,GORDONS MEDITERRANEAN,GORDONS MEDITERRANEAN ORG GIN 37.5%,BARRYS,,,,0,0,1,
1013,,,ORG GIN 37.5%,ORG GIN 37.5% ,,,,,,,,
1014,,,,,,,,,,,,
1015,5060215333688,,I HEART MENDOZA MALBEC,,BARRYS,,,,0,0,2,
1016,556,,WHITE CLAW MANGO 4PK SEL,WHITE CLAW MANGO 4PK SEL 4.5CN,BARRYS,,,,0,0,12,
1017,,,4.5CN,4.5CN ,,,,,,,,
1018,,,, ,,,,,0,0,15,
1019,,,,,,Overall Totals,,,1884,0,13382,
1020,Created using Rs-BackOffice v122.10.6 - www.RetailSolutions.ie,,,,,,,,,,Page : 15 / ,15
1021,TILL 01 GROO-07/04/2023 00:50:32,,, ,,,,,,,,
