,,Stock Level,,,,,,,,
 ,,,,,,,,,,
,,,,,,,,,,2023 09:24:14
Barcode,Stock Code,Description,Supplier,,Location,,On Order,Reserved,On Hand,
A,,CIGARETTES & CIGARS,,,,,,,,
53992918,6100043,AMBER LEAF ORIGINAL 30G CPB,GALLA,,,,0,0,68.00,
,,PP,,,,,,,,
5011054115430,6101119,AMBER LEAF ORIGINAL 30GRAM,GALLA,,,,0,0,108.00,
,,POUCH,,,,,,,,
,,,,,,,,,,
53992352,6100419,BENSON & HEDGES GOLD 27S,GALLA,,,,0,0,487.00,
,,,,,,,,,,
53992659,,BENSON & HEDGES GOLD 28 S,GALLA,,,,0,0,484.00,
3086120600020,98018,BIC J26 MAXI LIGHTER 80+20,BARRYS,,,,0,0,198.00,
,,FREE.,,,,,,,,
,,,,,,,,,,
6939287959357,,ELF BAR: COLA 2ML 2%,HEALTH,,,,0,0,13.00,
,,,,,,,,,,
6939287959371,,ELF BAR: ENERGY ICE 2ML 2%,HEALTH,,,,0,0,18.00,
,,,,,,,,,,
6939287959395,,ELF BAR: KIWI PASSION 2ML 2%,HEALTH,,,,0,0,33.00,
,,,,,,,,,,
6939287959425,,ELF BAR: WATERMELON 2ML 2%,HEALTH,,,,0,0,3.00,
4030700111443,A52,GOLDEN VIRGINIA THE,PLAYER,,,,0,0,63.00,
,,ORIGINAL 30G,,,,,,,,
,,,,,,,,,,
5011054263209,67371,HAMLET 50S SINGLE CIGARS,BARRYS,,,,0,0,22.00,
4030600207208,6100085,JOHN PLAYER BLUE BIG BOX 27,PLAYER,,,,0,0,27.00,
,,s.,,,,,,,,
,,,,,,,,,,
4030600289440,,JPS BLUE 27S,PLAYER,,,,0,0,240.00,
,,,,,,,,,,
4030600261484,,JPS BLUE 28S,PLAYER,,,,0,0,304.00,
,,,,,,,,,,
4030600112168,A37,JPS BLUE 29s,PLAYER,,,,0,0,295.00,
4030700111351,67200,JPS BLUE VOLUME TOBACCO,PLAYER,,,,0,0,26.00,
,,30G,,,,,,,,
,,,,,,,,,,
4030600236642,A85,JPS BRIGHT 20S,PLAYER,,,,0,0,97.00,
,,,,,,,,,,
4030600173282,67248,JPS CRUSHBALL,PLAYER,,,,0,0,35.00,
,,,,,,,,,,
5010813814935,252,JPS RED 100S,PLAYER,,,,0,0,970.00,
,,,,,,,,,,
4030600261545,,JPS RED 23S,PLAYER,,,,0,0,837.00,
,,,,,,,,,,
4030600207239,67152,JPS RED BIG BOX 24 S.,PLAYER,,,,0,0,872.00,
,,,,,,,,,,
5060592002993,6100130,L&M BLUE 20S,JAYTS,,,,0,0,172.00,
6941976271541,,LOST MARY ( ELF ) -,HEALTH,,,,0,0,14.00,
,,BLACKCURRANT AP,,,,,,,,
6937643591937,,LOST MARY ( ELF ) - CHERRY,MISC,,,,0,0,2.00,
,,ICE,,,,,,,,
6937643591944,,LOST MARY ( ELF ) - CHERRY,MISC,,,,0,0,3.00,
,,PEACH LE,,,,,,,,
6937643575197,,LOST MARY ( ELF ) - DOUBLE,HEALTH,,,,0,0,1.00,
,,APPLE,,,,,,,,
6941976271572,,LOST MARY ( ELF ) - JUICY,HEALTH,,,,0,0,6.00,
,,PEACH,,,,,,,,
,,,,,,,,,,
6941976238841,,LOST MARY ( ELF ) - PINEAPPLE,MISC,,,,0,0,27.00,
6937643575210,,LOST MARY ( ELF ) - PINK,HEALTH,,,,0,0,10.00,
,,LEMONADE,,,,,,,,
6937643575227,,LOST MARY ( ELF ) -,HEALTH,,,,0,0,22.00,
,,STRAWBERRY ICE,,,,,,,,
6941976215699,,LOST MARY ( ELF ) -,MISC,,,,0,0,6.00,
,,STRAWBERRY KIWI,,,,,,,,
,,,,,,,,,,
96167489,6100021,MAJOR EXTRA SIZE 25,CARROL,,,,0,0,828.00,
,,,,,,,,,,
87248630,67006,MARLBORO GOLD 20S,PLAYER,,,,0,0,968.00,
,,,,,,,,,,
5060592003105,6100134,MARLBORO GOLD 20S.,JAYTS,,,,0,0,553.00,
,,,,,,,,,,
5060592003136,6100135,MARLBORO RED 20S,JAYTS,,,,0,0,808.00,
,,,,,,,,,,
87248777,67007,MARLBORO RED 20S,PLAYER,,,,0,0,426.00,
Created using Rs-BackOffice v123.3.2 - www.RetailSolutions.ie,,,,,,,,,Page : 1 / ,21
TILL 01 JOHNS-20/12/2023 00:34:16,,,,,,,,,,
Barcode,Stock Code,Description,Supplier,,Location,,On Order,Reserved,On Hand,
,,,,,,,,,,
5060077782310,245,MARLBORO TOUCH 20S,PLAYER,,,,0,0,"1,002.00",
,,,,,,,,,,
5060592003075,6100133,MARLBORO TOUCH 20S,JAYTS,,,,0,0,210.00,
53992239,6101090,MAYFAIR SUPERKING ORIGINAL,GALLA,,,,0,0,10.00,
,,26,,,,,,,,
53992444,,MAYFAIR SUPERKINGS,GALLA,,,,0,0,"4,432.00",
,,ORIGINAL 27,,,,,,,,
53992574,,MAYFAIR SUPERKINGS,GALLA,,,,0,0,825.00,
,,ORIGINAL 28 S,,,,,,,,
,,,,,,,,,,
96191453,6100224,PALL MALL FLOW KS RED 20S,CARROL,,,,0,0,376.00,
,,,,,,,,,,
96191460,6100228,PALL MALL FLOW SK  RED 20S,CARROL,,,,0,0,526.00,
,,,,,,,,,,
96167496,6100032,PALL MALL KS RED CAPSULE PP,CARROL,,,,0,0,641.00,
,,,,,,,,,,
96167533,6100035,PALL MALL SK RED CAPSULE PP,CARROL,,,,0,0,612.00,
716165174011,CIGPAPERS,RAW CONNOISSEUR KING SIZE,MISC,,,,0,0,72.00,
,,SLIM,,,,,,,,
,,,,,,,,,,
50973606,67469,RIZLA BLUE REGULAR PAPER,PLAYER,,,,0,0,128.00,
4030700124030,6108552,RIZLA EXTRA SLIMLINE FILTER,TOBACC,,,,0,0,50.00,
,,TIPS,,,,,,,,
,,,,,,,,,,
50973613,67470,RIZLA GREEN REGULAR PAPER,PLAYER,,,,0,0,111.00,
54034495,A03,RIZLA KINGSIZE RED (32,PLAYER,,,,0,0,215.00,
,,LEAVES),,,,,,,,
5010891011868,723,RIZLA KINGSIZE SILVER SLIMS,PLAYER,,,,0,0,164.00,
,,(32 LEA,,,,,,,,
,,,,,,,,,,
50973620,67471,RIZLA RED REGULAR PAPER,PLAYER,,,,0,0,246.00,
,,,,,,,,,,
96167557,6100025,ROTHMANS KS ORIGINAL,CARROL,,,,0,0,251.00,
,,,,,,,,,,
53992956,6100068,SILK CUT BLUE 20 S PP,GALLA,,,,0,0,399.00,
53992932,,SILK CUT CHOICE DOUBLE,GALLA,,,,0,0,713.00,
,,CAPSULE PP,,,,,,,,
,,,,,,,,,,
53992383,6100214,SILK CUT CHOICE GREEN 20S,GALLA,,,,0,0,398.00,
,,,,,,,,,,
53992994,6100074,SILK CUT PURPLE 20 S PP,GALLA,,,,0,0,301.00,
,,,,,,,,,,
53992949,6100078,SILK CUT SILVER 20 S PP,GALLA,,,,0,0,961.00,
,,,,,,,,,,
50432219,67128,SUPERKINGS BLACK,PLAYER,,,,0,0,"4,210.00",
,,,,,,,,,,
4030600282953,,SUPERKINGS BLACK 20S,PLAYER,,,,0,0,298.00,
,,,,,,,,,,
4030600282984,,SUPERKINGS BLUE,PLAYER,,,,0,0,460.00,
,,,,,,,,,,
50432226,67118,SUPERKINGS BLUE,PLAYER,,,,0,0,961.00,
,,,,,,,0,0,"27,618.00",
B,,Snacks,,,,,,,,
5000328462622,56358,DORITOS CHILLI HEATWAVE,BARRYS,,,,0,0,32.00,
,,150G,,,,,,,,
,,,,,,,,,,
5000328175973,56353,DORITOS COOL ORIGINAL 150G,BARRYS,,,,0,0,16.00,
,,,,,,,,,,
5000328681443,56359,DORITOS TANGY CHEESE 150G,BARRYS,,,,0,0,14.00,
5099274000156,65004,MANHATTAN DRY ROASTED,MANHAT,,,,0,0,24.00,
,,PEANUTS 200G,,,,,,,,
5099274000149,65002,MANHATTAN SALTED PEANUTS,MANHAT,,,,0,0,16.00,
,,200G,,,,,,,,
5099274000033,60320,MANHATTAN SALTED PEANUTS,MANHAT,,,,0,0,9.00,
,,50G,,,,,,,,
,,,,,,,,,,
5053990161966,1400409,PRINGLES BBQ 165G,BARRYS,,,,0,0,51.00,
5053990127641,1400410,PRINGLES CHEESE & ONION,BARRYS,,,,0,0,37.00,
,,165G,,,,,,,,
,,,,,,,,,,
5053990161669,1400411,PRINGLES HOT PAPRIKA 165G,BARRYS,,,,0,0,1.00,
,,,,,,,,,,
5053990127726,1400412,PRINGLES ORIGINAL 165G,BARRYS,,,,0,0,1.00,
5053990158034,1400413,PRINGLES PRAWN COCKTAIL,BARRYS,,,,0,0,28.00,
,,165G,,,,,,,,
5053990127733,1400414,PRINGLES SALT & VINEGAR,BARRYS,,,,0,0,70.00,
,,165G,,,,,,,,
Created using Rs-BackOffice v123.3.2 - www.RetailSolutions.ie,,,,,,,,,Page : 2 / ,21
TILL 01 JOHNS-20/12/2023 00:34:16,,,,,,,,,,
Barcode,Stock Code,Description,Supplier,,Location,,On Order,Reserved,On Hand,
5053990127740,1400415,PRINGLES SOUR CREAM &,BARRYS,,,,0,0,3.00,
,,ONION 165G,,,,,,,,
,,,,,,,,,,
5000328268231,1401475,SMITHS SCAMPI FRIES 27G,BARRYS,,,,0,0,18.00,
,,,,,,,,,,
5011096011059,1400801,TAYTO CHEESE & ONION 37G,BARRYS,,,,0,0,1.00,
,,,,,,,,,,
5011096010342,1400597,TAYTO CHEESE & ONION 42G,BARRYS,,,,0,0,1.00,
5011096009827,85387,TAYTO HUNKY DORYS BUFFALO,LARGO,,,,0,0,11.00,
,,135G,,,,,,,,
5011096009803,85385,TAYTO HUNKY DORYS,LARGO,,,,0,0,9.00,
,,CHEESE&ONION 135G,,,,,,,,
5011096009834,85388,TAYTO HUNKY DORYS SOUR,LARGO,,,,0,0,13.00,
,,CR&ONION135G,,,,,,,,
,,,,,,,,,,
5011096011455,,TAYTO SNAX SHARING BAG 90G,LARGO,,,,0,0,25.00,
5000328202464,270035,WALKERS GIANT WOTSITS,BARRYS,,,,0,0,6.00,
,,FLAMIN HT130G,,,,,,,,
5000328192871,56315,WALKERS SENSATIONS THAI,BARRYS,,,,0,0,34.00,
,,SWE CH 150G,,,,,,,,
5000328328812,1401257,WALKERS WOTSITS CRUNCHY,BARRYS,,,,0,0,2.00,
,,FLAMING140G,,,,,,,,
,,,,,,,0,0,422.00,
C,,CONFECTIONERY,,,,,,,,
,,,,,,,,,,
5034660004004,64123,CADBURY DAIRYMILK 53G,BARRYS,,,,0,0,55.00,
5034660003892,64119,CADBURY DAIRYMILK,BARRYS,,,,0,0,12.00,
,,CARAMELLO 47G,,,,,,,,
5034660003953,64117,CADBURY DAIRYMILK,BARRYS,,,,0,0,8.00,
,,GOLDENCRISP 54G,,,,,,,,
5034660004042,64116,CADBURY DAIRYMILK MINT,BARRYS,,,,0,0,5.00,
,,CRISP 54G,,,,,,,,
5034660003939,64120,CADBURY DAIRYMILK TURKISH,BARRYS,,,,0,0,4.00,
,,47G,,,,,,,,
5034660003960,64112,CADBURY DAIRYMILK,BARRYS,,,,0,0,8.00,
,,WHOLENUT 55G,,,,,,,,
,,,,,,,,,,
7622210989192,260499,CADBURY FLAKE 4 PACK 80G,BARRYS,,,,0,0,21.00,
,,,,,,,,,,
7622210989253,166477,CADBURY PICNIC 4 PACK 152G,BARRYS,,,,0,0,1.00,
,,,,,,,,,,
7622210989246,260502,CADBURY TWIRL 5 PACK 107.5G,BARRYS,,,,0,0,6.00,
,,,,,,,,,,
8410525222818,64060,FINI LITTLE MIX 150G PM E1.00,BARRYS,,,,0,0,85.00,
,,,,,,,,,,
80052760,70410,KINDER BUENO 43G,BARRYS,,,,0,0,19.00,
,,,,,,,,,,
80761761,85245,KINDER BUENO WHITE 39G,BARRYS,,,,0,0,20.00,
,,,,,,,,,,
7613035052024,69062,NESTLE AERO BUBBLY MILK 36G,BARRYS,,,,0,0,1.00,
,,,,,,,,,,
7613036080118,261159,NESTLE ROLO 4 PACK 166.4G,BARRYS,,,,0,0,3.00,
,,,,,,,,,,
50251179,69207,NESTLE ROLO 52G,BARRYS,,,,0,0,1.00,
,,,,,,,,,,
7613034959287,69222,NESTLE TOFFEE CRISP 38G,BARRYS,,,,0,0,2.00,
7613036080675,261158,NESTLE TOFFEE CRISP 4PK,BARRYS,,,,0,0,1.00,
,,124G SNKSZE,,,,,,,,
,,,,,,,,,,
7613034872630,,NESTLE YORKIE MILK 46G,BARRYS,,,,0,0,3.00,
,,,,,,,,,,
7613034872579,260069,NESTLE YORKIE MILK 46G 3PK,BARRYS,,,,0,0,6.00,
,,,,,,,,,,
5000159470629,69017,SNICKERS BAR 48G,BARRYS,,,,0,0,1.00,
42070047,136524,WRIGLEYS AIRWAVES,MANGANS,,,,0,0,42.00,
,,B/CURRANT 10PC,,,,,,,,
42101925,63044,WRIGLEYS AIRWAVES BLACK,BARRYS,,,,0,0,34.00,
,,MINT 14G,,,,,,,,
42211464,70224,WRIGLEYS EX ICE PEPPERMINT,BARRYS,,,,0,0,19.00,
,,15G,,,,,,,,
42211471,70223,WRIGLEYS EXTRA ICE WHITE,BARRYS,,,,0,0,33.00,
,,15G,,,,,,,,
40099361,70274,WRIGLEYS EXTRA PEPPERMINT,BARRYS,,,,0,0,48.00,
,,10 PC,,,,,,,,
Created using Rs-BackOffice v123.3.2 - www.RetailSolutions.ie,,,,,,,,,Page : 3 / ,21
TILL 01 JOHNS-20/12/2023 00:34:16,,,,,,,,,,
Barcode,Stock Code,Description,Supplier,,Location,,On Order,Reserved,On Hand,
50173686,70269,WRIGLEYS EXTRA SPEARMINT,BARRYS,,,,0,0,2.00,
,,10 PC,,,,,,,,
42112907,70276,WRIGLEYS EXTRA,BARRYS,,,,0,0,35.00,
,,STRAWBERRY 10PC,,,,,,,,
,,,,,,,0,0,475.00,
CA,,MINERALS,,,,,,,,
,,,,,,,,,,
4060800305619,1400040,7 UP 2L,BARRYS,,,,0,0,32.00,
,,,,,,,,,,
8717700002402,65286,7 UP FREE 2L,BARRYS,,,,0,0,8.00,
,,,,,,,,,,
4060800310521,1401392,7 UP ZERO 2L,BARRYS,,,,0,0,46.00,
,,,,,,,,,,
4199020100,65444,BALLYGOWAN SPARKLING 2L,BARRYS,,,,0,0,15.00,
,,,,,,,,,,
4199020001,65443,BALLYGOWAN STILL 2L,BARRYS,,,,0,0,16.00,
,,,,,,,,,,
0041990050019,65401,BALLYGOWAN STILL 500ML,BARRYS,,,,0,0,34.00,
5099483950235,65455,BALLYGOWAN STILL,BARRYS,,,,0,0,41.00,
,,SPORTSCAP 1L,,,,,,,,
,,,,,,,,,,
5020055100772,42021,BOOST ENERGY 1L,BARRYS,,,,0,0,365.00,
5056079901026,260808,BOOST ENERGY RED BERRY,BARRYS,,,,0,0,1.00,
,,250ML PM 99C,,,,,,,,
5056079901439,270379,BOOST ENERGY RED BERRY,BARRYS,,,,0,0,31.00,
,,250ML PM1.09,,,,,,,,
,,,,,,,,,,
5060466513792,65688,BPM FOCUS 500ML,BARRYS,,,,0,0,63.00,
4000177020210,65631,CAPRI SUN ORANGE 200ML 10,BARRYS,,,,0,0,1.00,
,,PACK,,,,,,,,
,,,,,,,,,,
5449000000439,65269,COCA COLA 1.5L,BARRYS,,,,0,0,108.00,
5449000000446,260693,COCA COLA CANS 330ML 4,BARRYS,,,,0,0,57.00,
,,PACK,,,,,,,,
54491472,65007,COCA COLA CONTOUR BOTTLE,BARRYS,,,,0,0,70.00,
,,500ML,,,,,,,,
,,,,,,,,,,
5449000131843,65265,COCA COLA ZERO 2L,BARRYS,,,,0,0,61.00,
5449000171191,260695,COCA COLA ZERO CANS 330ML,BARRYS,,,,0,0,2.00,
,,4 PACK,,,,,,,,
5449000131836,65264,COCA COLA ZERO CONTOUR,BARRYS,,,,0,0,3.00,
,,BOTTLE 500ML,,,,,,,,
,,,,,,,,,,
5449000053909,65298,DIET COKE 2L,BARRYS,,,,0,0,8.00,
,,,,,,,,,,
5449000053879,63005,DIET COKE CAN 330ML,BARRYS,,,,0,0,36.00,
54491496,65008,DIET COKE CONTOUR BOTTLE,BARRYS,,,,0,0,28.00,
,,500ML,,,,,,,,
,,,,,,,,,,
5449000215734,65340,FANTA LEMON 1.75L,BARRYS,,,,0,0,17.00,
,,,,,,,,,,
5449000010728,65031,FANTA LEMON CAN 330ML,BARRYS,,,,0,0,40.00,
54492493,65003,FANTA LEMON CONTOUR,BARRYS,,,,0,0,54.00,
,,BOTTLE 500ML,,,,,,,,
,,,,,,,,,,
5449000132499,65342,FANTA ORANGE 1.75L,BARRYS,,,,0,0,28.00,
,,,,,,,,,,
5449000011527,63002,FANTA ORANGE CAN 330ML,BARRYS,,,,0,0,28.00,
40822938,65013,FANTA ORANGE CONTOUR,BARRYS,,,,0,0,24.00,
,,BOTTLE 500ML,,,,,,,,
5449000215574,65344,FANTA,BARRYS,,,,0,0,2.00,
,,PINEAPPLE&GRAPEFRUIT 1.75L,,,,,,,,
,,,,,,,,,,
5099195002130,65481,ISHKA SPRING WATER 1L,BARRYS,,,,0,0,30.00,
,,,,,,,,,,
5011064001631,55153,KULANA APPLE JUICE 1L,BARRYS,,,,0,0,19.00,
,,,,,,,,,,
5011064000009,55154,KULANA ORANGE JUICE 1L,BARRYS,,,,0,0,26.00,
5054267012820,270309,LUCOZADE ENERGY CAN 330ML,BARRYS,,,,0,0,42.00,
,,PM1.20,,,,,,,,
5054267010635,270047,LUCOZADE ENERGY ORIGIN,BARRYS,,,,0,0,54.00,
,,500ML PM2.00,,,,,,,,
5054267000612,65620,LUCOZADE ENERGY ORIGINAL,BARRYS,,,,0,0,1.00,
,,500ML,,,,,,,,
5060335631220,261120,MONSTER AB ZERO CAN 500ML,BARRYS,,,,0,0,12.00,
Created using Rs-BackOffice v123.3.2 - www.RetailSolutions.ie,,,,,,,,,Page : 4 / ,21
TILL 01 JOHNS-20/12/2023 00:34:16,,,,,,,,,,
Barcode,Stock Code,Description,Supplier,,Location,,On Order,Reserved,On Hand,
,,4PK,,,,,,,,
5060947542303,270354,MONSTER AUSSIE LEMONADE,BARRYS,,,,0,0,13.00,
,,500ML 4PK,,,,,,,,
5060947540408,1401060,MONSTER ENERGY AUSSIE,BARRYS,,,,0,0,8.00,
,,LEMONADE500ML,,,,,,,,
5060751210924,1401242,MONSTER ENERGY KHAOTIC,BARRYS,,,,0,0,2.00,
,,500ML,,,,,,,,
5060517885137,1401416,MONSTER ENERGY MANGO,BARRYS,,,,0,0,15.00,
,,LOCO 500ML,,,,,,,,
5060639122899,63050,MONSTER ENERGY PACIFIC,BARRYS,,,,0,0,9.00,
,,PUNCH 500ML,,,,,,,,
5060517882976,63156,MONSTER ENERGY PIPELINE,BARRYS,,,,0,0,7.00,
,,PUNCH 500ML,,,,,,,,
5060335632777,1401286,MONSTER ENERGY THE,BARRYS,,,,0,0,12.00,
,,DOCTOR 500ML,,,,,,,,
5060517889210,63117,MONSTER ENERGY ULTRA BLUE,BARRYS,,,,0,0,11.00,
,,500ML,,,,,,,,
5060608747658,63131,MONSTER ENERGY ULTRA,BARRYS,,,,0,0,6.00,
,,FIESTA 500ML,,,,,,,,
5060896628882,1401062,MONSTER ENERGY ULTRA,BARRYS,,,,0,0,8.00,
,,ROSA 500ML,,,,,,,,
5060517882884,63085,MONSTER ENERGY ULTRA,BARRYS,,,,0,0,5.00,
,,VIOLET 500ML,,,,,,,,
5060335635174,1401454,MONSTER ENERGY ULTRA,BARRYS,,,,0,0,4.00,
,,ZERO 500ML,,,,,,,,
5060896621098,1401241,MONSTER ULTRA WATERMELON,BARRYS,,,,0,0,20.00,
,,500ML,,,,,,,,
5060896623955,270358,MONSTER ULTRA WATERMELON,BARRYS,,,,0,0,2.00,
,,500ML 4PK,,,,,,,,
0031200452009,65543,OCEAN SPRAY CRANBERRY,BARRYS,,,,0,0,12.00,
,,JUICE 1L,,,,,,,,
5054267003644,63072,ORANGINA SPARKLING ORANGE,BARRYS,,,,0,0,15.00,
,,420ML,,,,,,,,
,,,,,,,,,,
4060800308726,1401191,PEPSI 2L,BARRYS,,,,0,0,4.00,
90453168,1400699,RED BULL APRI & STRAW,BARRYS,,,,0,0,35.00,
,,EDITION 250ML,,,,,,,,
90446672,270078,RED BULL ENERGY CAN 250ML,BARRYS,,,,0,0,90.00,
,,PM1.99,,,,,,,,
,,,,,,,,,,
9002490206000,91040,RED BULL ENERGY CAN 355ML,BARRYS,,,,0,0,83.00,
,,,,,,,,,,
9002490210991,63075,RED BULL ENERGY CAN 473ML,BARRYS,,,,0,0,40.00,
9002490260149,270350,RED BULL RED EDITION 250ML,BARRYS,,,,0,0,6.00,
,,4PK,,,,,,,,
90446412,63185,RED BULL RED WATERMELON,BARRYS,,,,0,0,6.00,
,,EDIT 250ML,,,,,,,,
90162800,63033,RED BULL SUGAR FREE CAN,BARRYS,,,,0,0,25.00,
,,250ML,,,,,,,,
,,,,,,,,,,
5026791543002,65419,RIVER ROCK STILL 500ML,BARRYS,,,,0,0,1.00,
8002270396854,1400690,SAN PELL POMEG&ORANGE,BARRYS,,,,0,0,1.00,
,,CAN 330ML 6PK,,,,,,,,
,,,,,,,,,,
5099329019249,65200,SANOR RASPBERRY 1L,BARRYS,,,,0,0,1.00,
,,,,,,,,,,
5011026008715,65110,SCHWEPPES GINGER ALE 1L,BARRYS,,,,0,0,22.00,
5449000204899,65141,SCHWEPPES SLIM,BARRYS,,,,0,0,12.00,
,,ELDERFLOWER TONIC 1L,,,,,,,,
5449000064219,65116,SCHWEPPES SLIMLINE TONIC,BARRYS,,,,0,0,19.00,
,,WATER 1L,,,,,,,,
,,,,,,,,,,
5449000014917,65121,SCHWEPPES SODA WATER 1L,BARRYS,,,,0,0,16.00,
,,,,,,,,,,
5011026008708,65119,SCHWEPPES TONIC WATER 1L,BARRYS,,,,0,0,12.00,
,,,,,,,,,,
5449000106704,,SPRITE NO SUGAR CAN 330ML,GWL,,,,0,0,6.00,
Created using Rs-BackOffice v123.3.2 - www.RetailSolutions.ie,,,,,,,,,Page : 5 / ,21
TILL 01 JOHNS-20/12/2023 00:34:16,,,,,,,,,,
Barcode,Stock Code,Description,Supplier,,Location,,On Order,Reserved,On Hand,
5449000109613,65052,SPRITE NO SUGAR CONTOUR,BARRYS,,,,0,0,12.00,
,,BOTTLE500ML,,,,,,,,
,,,,,,,,,,
5011026005240,65274,TK ORANGE 2L,BARRYS,,,,0,0,4.00,
,,,,,,,,,,
5011026005226,65276,TK RED LEMONADE 2L,BARRYS,,,,0,0,54.00,
,,,,,,,,,,
5011026005233,65275,TK WHITE LEMONADE 2L,BARRYS,,,,0,0,36.00,
,,,,,,,0,0,"2,037.00",
D,,CIDERS,,,,,,,,
,,,,,,,,,,
5390377978626,77315,APPLE TREE CAN 500ML 4PK 5%,BARRYS,,,,0,0,243.00,
2100000002283,265454~SING,BULMERS BOTTLE 300ML,BARRYS,,,,0,0,5.00,
,LE,,,,,,,,,
,,,,,,,,,,
5011026100471,88933,BULMERS CAN 500ML 4.5%,BARRYS,,,,0,0,93.00,
5391522121331,,BULMERS D. FRUITS 500ML 4PK,BARRYS,,,,0,0,1.00,
,,CAN,,,,,,,,
5391522121218,,BULMERS DARK FRUITS SNG,BARRYS,,,,0,0,2.00,
,,CAN 4% 500M,,,,,,,,
5391522120013,56829,BULMERS LIGHT BOTTLE 1L,BARRYS,,,,0,0,48.00,
,,4.5%,,,,,,,,
5391522121669,121550,BULMERS LIGHT BOTTLE 300ML,BARRYS,,,,0,0,8.00,
,,6PK 4.5%,,,,,,,,
5011026100242,56828,BULMERS LIGHT CAN 500ML,BARRYS,,,,0,0,7.00,
,,4.5%,,,,,,,,
,,,,,,,,,,
5391522120655,56836,BULMERS LIGHT CAN 500ML 8PK,BARRYS,,,,0,0,9.00,
5391522121454,76443,BULMERS ORIG 15PK 500ML,BARRYS,,,,0,0,95.00,
,,CAN 4.5%,,,,,,,,
5391516872935,56825,BULMERS ORIG 300ML BOT 20PK,BARRYS,,,,0,0,47.00,
,,4.5%,,,,,,,,
5391516870153,56853,BULMERS ORIG CAN 500ML 8 PK,BARRYS,,,,0,0,197.00,
,,4.5%,,,,,,,,
5391516870122,78926,BULMERS ORIGINAL BOTTLE 1L,BARRYS,,,,0,0,93.00,
,,4.5%,,,,,,,,
123456789,77968~SINGL,BULMERS STWB & LIME CAN,BARRYS,,,,0,0,4.00,
,E,500ML,,,,,,,,
5391522120846,77968,BULMERS STWB/LIME CAN 500,BARRYS,,,,0,0,37.00,
,,4PK,,,,,,,,
,,,,,,,,,,
5392000098114,77802,CRONINS CIDER 500ML 4.5%,BARRYS,,,,0,0,3.00,
5392000098138,77803,CRONINS NON ALCOHOL CIDER,BARRYS,,,,0,0,11.00,
,,BTL,,,,,,,,
,,,,,,,,,,
5391525694375,,DEVILS BIT CAN 500ML 4PK 4.5%,BARRYS,,,,0,0,23.00,
,,,,,,,,,,
5390347000708,121416,DRUIDS 440ML 4 PACK CAN 5.7%,BARRYS,,,,0,0,20.00,
,,,,,,,,,,
5390347000845,121415,DRUIDS 440ML 6 PACK CAN 5.7%,BARRYS,,,,0,0,41.00,
7393714518903,,KOPP STRAWBERRY & LIME N/A,MISC,,,,0,0,32.00,
,,BTL,,,,,,,,
7393714515902,78980,KOPP/B MIXED FRUIT BOT 500ML,BARRYS,,,,0,0,32.00,
,,4%,,,,,,,,
7393714897602,121540,KOPP/B MXD FR CAN 500 4PK,BARRYS,,,,0,0,20.00,
,,PM11.5 4%,,,,,,,,
7393714897589,121541,KOPP/B STR&LI CAN 500 4PK,BARRYS,,,,0,0,57.00,
,,PM11.5 4%,,,,,,,,
7393714515506,79041,KOPP/B STRAW+LIME BOT,BARRYS,,,,0,0,33.00,
,,500ML 4%,,,,,,,,
,,,,,,,,,,
5391516884358,73847,LINDEN VILLAGE 1LTR PET 5%,BARRYS,,,,0,0,522.00,
5391516884280,78343,LINDEN VILLAGE 500ML 4 PK,BARRYS,,,,0,0,380.00,
,,CAN 5%,,,,,,,,
5035766049135,89503,ORCHARD THV 4PK 500ML CAN ,BARRYS,,,,0,0,40.00,
,,4.5%,,,,,,,,
5035766046028,56839,ORCHARD THV CID CAN 500ML,BARRYS,,,,0,0,27.00,
,,8PK 4.5%,,,,,,,,
Created using Rs-BackOffice v123.3.2 - www.RetailSolutions.ie,,,,,,,,,Page : 6 / ,21
TILL 01 JOHNS-20/12/2023 00:34:16,,,,,,,,,,
Barcode,Stock Code,Description,Supplier,,Location,,On Order,Reserved,On Hand,
7311100328004,87416,REKORDERLIG BERRIES 4%,BARRYS,,,,0,0,16.00,
,,500ML NRB,,,,,,,,
7311100340907,87413,REKORDERLIG MANGO&RASP,CREMIN,,,,0,0,1.00,
,,4% 500ML NRB,,,,,,,,
7311100326406,87415,REKORDERLIG STR & LIME 4%,BARRYS,,,,0,0,25.00,
,,500ML NRB,,,,,,,,
,,,,,,,,,,
5391522121737,121122,RITZ  500ML 4PK CAN  4.7%,BARRYS,,,,0,0,2.00,
5000281056531,87526,ROCKSHORE APPLE CIDER 8PK,BARRYS,,,,0,0,2.00,
,,CAN 4%,,,,,,,,
5391516884518,121121,STRONGBOW 440ML 4PK CAN,BARRYS,,,,0,0,3.00,
,,4%,,,,,,,,
,,,,,,,0,0,"2,179.00",
E,,BEERS,,,,,,,,
8008440249272,77861,ASAHI SUPER DRY 620ML BTL,BARRYS,,,,0,0,1.00,
,,5.2%,,,,,,,,
8714800004114,169058,BAVARIA BLONDE CAN 500ML,BARRYS,,,,0,0,24.00,
,,8.6 8.6%,,,,,,,,
5035766020325,78817,BEAMISH DRAUGHT CAN 500ML,BARRYS,,,,0,0,35.00,
,,4PK 4.3%,,,,,,,,
2100000001675,80400~SINGL,BIRRA MORETTI 330ML,BARRYS,,,,0,0,8.00,
,E,,,,,,,,,
5035766062578,80426,BIRRA MORETTI 330ML 12PK BTL,BARRYS,,,,0,0,12.00,
,,4.6%,,,,,,,,
,,,,,,,,,,
8006890628180,80420,BIRRA MORETTI 660ML BTL 4.6%,BARRYS,,,,0,0,49.00,
5035766062530,121090,BIRRA MORETTI BOT 330ML 4PK,BARRYS,,,,0,0,3.00,
,,4.6%,,,,,,,,
5010038460160,88850,BLUE MOON 330ML 4PK CAN,BARRYS,,,,0,0,9.00,
,,5.4%,,,,,,,,
,,,,,,,,,,
5014379002829,76435,BUD LIGHT 440ML 4PK CAN 3.5%,BARRYS,,,,0,0,42.00,
,,,,,,,,,,
8594403708288,121555,BUDVAR BOTTLE 500ML 5% CZE,BARRYS,,,,0,0,10.00,
5014379012064,89530,BUDWEISER 20PK NRB 4.3%,BARRYS,,,,0,0,181.00,
,,300ML,,,,,,,,
2100000012343,267451~SING,BUDWEISER 300ML L/N 4.3%,BARRYS,,,,0,0,176.00,
,LE,,,,,,,,,
,,,,,,,,,,
5014379017342,76441,BUDWEISER 660ML BTL 4.3%,BARRYS,,,,0,0,53.00,
5014379012095,89525,BUDWEISER 8PK CAN 4.3%,BARRYS,,,,0,0,333.00,
,,500ML,,,,,,,,
,,,,,,,,,,
5010038448014,60110,CARLING 500ML 4PK CAN 4%,BARRYS,,,,0,0,"1,062.00",
,,,,,,,,,,
2144474747474,,CARLING CAN 500ML 4%,BARRYS,,,,0,0,"4,694.00",
7612900343885,,CARLSBERG 0.0% 330ML 6PK,BARRYS,,,,0,0,3.00,
,,CAN,,,,,,,,
5010153870837,77697,CARLSBERG 0.0% 330ML NRB,BARRYS,,,,0,0,3.00,
,,4PK,,,,,,,,
5000213015896,,CARLSBERG CAN 500ML 12,BARRYS,,,,0,0,107.00,
,,PACK 4.3%.,,,,,,,,
5000213021279,79451,CARLSBERG CAN 500ML 4 PACK,BARRYS,,,,0,0,1.00,
,,4.3%,,,,,,,,
5000213008126,78858,CARLSBERG CAN 500ML 8 PACK,BARRYS,,,,0,0,39.00,
,,4.3%,,,,,,,,
5901359074306,,CERE KOZEL BEER 3.8% CAN 4,KELLYH,,,,0,0,6.00,
,,PACK 500,,,,,,,,
4820034920077,120150,CHERNIGIVSKE LAGER 500ML,BARRYS,,,,0,0,6.00,
,,4.8% UKRA,,,,,,,,
,,,,,,,,,,
5010038481004,78830,COORS CAN 500ML 4 PACK 4.3%,BARRYS,,,,0,0,94.00,
5010038442838,160724,COORS LIGHT  20PK NRB 330ML,BARRYS,,,,0,0,15.00,
,,4%,,,,,,,,
2100000011929,78816~SINGL,COORS LIGHT 330ML LN 4.3%,BARRYS,,,,0,0,6.00,
,E,,,,,,,,,
Created using Rs-BackOffice v123.3.2 - www.RetailSolutions.ie,,,,,,,,,Page : 7 / ,21
TILL 01 JOHNS-20/12/2023 00:34:16,,,,,,,,,,
Barcode,Stock Code,Description,Supplier,,Location,,On Order,Reserved,On Hand,
5390761008427,260130,COORS LIGHT BOTTLE 330ML,BARRYS,,,,0,0,10.00,
,,20PK 4.3%,,,,,,,,
5390761007994,78816,COORS LIGHT BOTTLE 330ML,BARRYS,,,,0,0,9.00,
,,6PK 4.3%,,,,,,,,
5010038483404,78865,COORS LIGHT CAN 500ML 6,BARRYS,,,,0,0,49.00,
,,PACK 4.3%,,,,,,,,
7501064193040,89912,CORONA 12PACK 330ML BOTTLE,BARRYS,,,,0,0,17.00,
,,4.5%,,,,,,,,
7501064196539,121455,CORONA 18PACK 330ML BOTTLE,BARRYS,,,,0,0,1.00,
,,4.5%,,,,,,,,
5014379012507,89916,CORONA 6 PACK 330ML CAN,BARRYS,,,,0,0,12.00,
,,4.5%,,,,,,,,
,,,,,,,,,,
5014379014457,56875,CORONA 620ML BOTTLE 4.5%,BARRYS,,,,0,0,38.00,
5014379011500,78810,CORONA BOTTLE 330ML 6PK,BARRYS,,,,0,0,18.00,
,,4.5%,,,,,,,,
5014379025057,121460,CORONA LIGERA  BOT 330ML,BARRYS,,,,0,0,7.00,
,,6PK 3.2%,,,,,,,,
75039851,56326~SINGL,CORONA LIGHT BOTTLE 355ML,BARRYS,,,,0,0,3.00,
,E,3.9%,,,,,,,,
8712000050955,58911,DESPERADOS 4PK CAN 500ML,BARRYS,,,,0,0,26.00,
,,5.9%,,,,,,,,
3155932014995,58920,DESPERADOS BOT 330ML 5.9%,BARRYS,,,,0,0,21.00,
,,6PK,,,,,,,,
5390347000722,121620,DUTCH GOLD CAN 440ML 4PK,BARRYS,,,,0,0,51.00,
,,3.5%,,,,,,,,
5390347000760,121457,DUTCH GOLD CAN 440ML 8PK,BARRYS,,,,0,0,34.00,
,,3.5%,,,,,,,,
4002103248248,44412,ERDINGER HEFFE BOT 500ML,BARRYS,,,,0,0,37.00,
,,5.3% DEU,,,,,,,,
8410793282965,89065,ESTRELLA DAMM 660ML BTL,BARRYS,,,,0,0,50.00,
,,4.6%,,,,,,,,
,,,,,,,,,,
5035766182825,88886,FOSTERS 500ML CAN 4.1%,BARRYS,,,,0,0,15.00,
,,,,,,,,,,
5035766183808,88926,FOSTERS CAN 500ML 6PK 4.1%,BARRYS,,,,0,0,17.00,
4072700003649,48698,FRANZISKANER BOTTLE 500ML,BARRYS,,,,0,0,36.00,
,,5% DEU,,,,,,,,
5000213015506,78552,GUINNESS 500ML 12PK CAN,MISC,,,,0,0,163.00,
,,4.2%,,,,,,,,
5011046007569,78703,GUINNESS BOT 500ML 4 PACK,BARRYS,,,,0,0,7.00,
,,4.2%,,,,,,,,
5000213024966,78852,GUINNESS DRAUGHT 0.0%,BARRYS,,,,0,0,22.00,
,,500ML 4PK CAN,,,,,,,,
GUINNESS0.0,78852~SINGL,GUINNESS DRAUGHT 0.0%,BARRYS,,,,0,0,1.00,
,E,500ML CAN,,,,,,,,
5000213006566,88875,GUINNESS DRAUGHT CAN,BARRYS,,,,0,0,440.00,
,,500ML 8PK 4.2%,,,,,,,,
5011046007576,78886,GUINNESS EXTRA STOUT CAN,BARRYS,,,,0,0,8.00,
,,500ML 4.2%,,,,,,,,
5000213000120,88885,GUINNESS FOREIGN STOUT,BARRYS,,,,0,0,44.00,
,,BOT330M 7.5%,,,,,,,,
88876,88876~SINGL,GUINNESS NITRO CAN 558ML,BARRYS,,,,0,0,4.00,
,E,4.2%,,,,,,,,
5000213026021,88876,GUINNESS NITRO CAN 558ML,BARRYS,,,,0,0,31.00,
,,6PK 4.2%,,,,,,,,
5000196000148,89906,GUINNESS WEST INDIES,BARRYS,,,,0,0,1.00,
,,PORTER 500ML 6,,,,,,,,
5411616145842,77885~SINGL,HACKENBERG PILS 500ML 4PK ,BARRYS,,,,0,0,24.00,
,E,FL 5.49,,,,,,,,
5032917000410,78341,HACKENBERG PILS CAN 500ML,NOREAS,,,,0,0,39.00,
,,5% 4PK,,,,,,,,
Created using Rs-BackOffice v123.3.2 - www.RetailSolutions.ie,,,,,,,,,Page : 8 / ,21
TILL 01 JOHNS-20/12/2023 00:34:16,,,,,,,,,,
Barcode,Stock Code,Description,Supplier,,Location,,On Order,Reserved,On Hand,
,,,,,,,,,,
5000213026618,120050,HARP LAGER 440ML CAN 6PK 4%,BARRYS,,,,0,0,76.00,
8712000054748,87555,HEINEKEN 0.0 330ML 4PK BTL,BARRYS,,,,0,0,20.00,
,,NEW,,,,,,,,
,,,,,,,,,,
8712000050092,87556,HEINEKEN 0.0 330ML 6PK CAN,BARRYS,,,,0,0,16.00,
2100000012496,78656~SINGL,HEINEKEN 330ML L/N  4.3%,BARRYS,,,,0,0,16.00,
,E,,,,,,,,,
,,,,,,,,,,
8712000018948,78657,HEINEKEN 500ML 4PK CAN 4.3%,BARRYS,,,,0,0,24.00,
8712000027582,260013,HEINEKEN BOTTLE 330ML 20,BARRYS,,,,0,0,19.00,
,,PACK 4.3%,,,,,,,,
8712000900038,78656,HEINEKEN BOTTLE 330ML 6PK,BARRYS,,,,0,0,22.00,
,,4.3%,,,,,,,,
,,,,,,,,,,
8712000056261,78655,HEINEKEN BOTTLE 650ML 4.3%,BARRYS,,,,0,0,66.00,
8712000058401,78862,HEINEKEN CAN 500ML 10 PACK,BARRYS,,,,0,0,285.00,
,,4.3%,,,,,,,,
,,,,,,,,,,
8712000011413,78885,HEINEKEN CAN 500ML 4.3%,BARRYS,,,,0,0,17.00,
8712000057763,78866,HEINEKEN CAN 500ML 6 PACK,BARRYS,,,,0,0,333.00,
,,4.3%,,,,,,,,
3162330060509,154511~SING,HELLESBRAU LAGER 440ML,BARRYS,,,,0,0,"1,430.00",
,LE,3.5% CAN,,,,,,,,
5410228164845,88855,HOEGAARDEN BOT 330ML 4PK,BARRYS,,,,0,0,7.00,
,,4.9% BEL,,,,,,,,
5029396738613,89520,HOLLOWS&FENTIMANS GINGER,BARRYS,,,,0,0,12.00,
,,BEER BTL4%,,,,,,,,
5000213021934,80083,HOP HOUSE 13 500ML 8PK CAN,BARRYS,,,,0,0,9.00,
,,4.1%,,,,,,,,
5000213019900,HOPHOUSE~,HOP HOUSE 13 BTL 330 ML 4.1%,BARRYS,,,,0,0,9.00,
,SINGLE,,,,,,,,,
5000213025062,77248,HOP HOUSE 13 LAGER BTL,BARRYS,,,,0,0,1.00,
,,650ML,,,,,,,,
5000213023662,77965,HOP HOUSE 500ML 4PK CAN,BARRYS,,,,0,0,1.00,
,,4.1%,,,,,,,,
5390347300938,,HUFI GLUTEN FREE 440ML 4PK,BARRYS,,,,0,0,14.00,
,,CAN 4.2%,,,,,,,,
5035766064435,80626,ISLANDS EDGE STOUT 500ML,BARRYS,,,,0,0,3.00,
,,8PK CAN 4%,,,,,,,,
5900535018493,73851,KARPACKIE 440ML 4 PACK CAN,BARRYS,,,,0,0,58.00,
,,4.8% PM7,,,,,,,,
5900535018455,73851~SINGL,KARPACKIE 440ML CAN 4.8%,BARRYS,,,,0,0,4.00,
,E,,,,,,,,,
,,,,,,,,,,
5011046007828,78860,KILKENNY CAN 500ML 4.3%,BARRYS,,,,0,0,25.00,
,,,,,,,,,,
5901359162010,88952,LECH BOTTLE 500ML 5.0% POL,BARRYS,,,,0,0,981.00,
,,,,,,,,,,
5900490000182,88953,LECH CAN 500ML 5.0% POL,BARRYS,,,,0,0,2.00,
,,,,,,,,,,
5014379023183,121256,LEFFE 330ML 4PK BTL 6%,BARRYS,,,,0,0,2.00,
5410228190424,88859,LEFFE BLONDE BOT 330ML 4PK,BARRYS,,,,0,0,3.00,
,,6.6% BEL,,,,,,,,
,,,,,,,,,,
5900535018462,73852,LOMZA 440ML 4 PACK CAN 5.7%,BARRYS,,,,0,0,60.00,
5903538900628,89086,LOMZA EXPORT BOTTLE 500ML,BARRYS,,,,0,0,875.00,
,,5.7% POL,,,,,,,,
5903538901908,89088,LOMZA NON FILTER BOT 500ML,BARRYS,,,,0,0,6.00,
,,5.7% POL,,,,,,,,
,,,,,,,,,,
5010038460238,77653,MILLER BOTTLE NRB 330ML 4.7%,BARRYS,,,,0,0,1.00,
5010038482742,88580,MOLSON CANADIAN BOT 330ML,BARRYS,,,,0,0,6.00,
,,18PK 4%,,,,,,,,
2100000002870,88889~SINGL,MOLSON CANADIAN BTL 330ML,BARRYS,,,,0,0,38.00,
,E,4%,,,,,,,,
5010038445204,88818,MOLSON CANADIAN CAN 500ML,BARRYS,,,,0,0,167.00,
,,8PK 4%,,,,,,,,
4820000190961,,OBOLON PREMIUM BEER 500ML,MISC,,,,0,0,134.00,
Created using Rs-BackOffice v123.3.2 - www.RetailSolutions.ie,,,,,,,,,Page : 9 / ,21
TILL 01 JOHNS-20/12/2023 00:34:16,,,,,,,,,,
Barcode,Stock Code,Description,Supplier,,Location,,On Order,Reserved,On Hand,
,,5%,,,,,,,,
4066600611981,85243,PAULANER BOTTLE 500ML 5.5%,BARRYS,,,,0,0,38.00,
,,DEU,,,,,,,,
5905927041516,166101,PERLA CHMIELOWA 50CL 4PK,BARRYS,,,,0,0,24.00,
,,CAN 6%,,,,,,,,
5905927001619,166102,PERLA CHMIELOWA BEER 50CL,BARRYS,,,,0,0,"1,053.00",
,,BTL 6% PO,,,,,,,,
5905927001695,166172,PERLA EXPORT BOT 500ML 5.2%,BARRYS,,,,0,0,"1,084.00",
,,NEW,,,,,,,,
5905927061415,166173,PERLA HONEY BEER BOT 500ML,BARRYS,,,,0,0,159.00,
,,5.4% NEW,,,,,,,,
5905927007574,166170,PERLA MOCNA 50CL CAN 7.1%,BARRYS,,,,0,0,131.00,
,,NEW,,,,,,,,
5905927007178,166106,PERLA MOCNA BEER BOT 500ML,BARRYS,,,,0,0,123.00,
,,7.1% POL,,,,,,,,
,,,,,,,,,,
8008440512536,89228,PERONI 330ML 10PK CAN 5%,BARRYS,,,,0,0,3.00,
,,,,,,,,,,
8008440512468,89224,PERONI 330ML 6PK CAN 5%,BARRYS,,,,0,0,6.00,
,,,,,,,,,,
8008440212412,89229,PERONI BOTTLE 660ML 5% ITA,BARRYS,,,,0,0,741.00,
,,,,,,,,,,
8594404010816,85555,PILSNER URQUELL 500ML BTL,BARRYS,,,,0,0,1.00,
5390347000272,121544,PRAZSKY 440ML 4 PACK CAN,BARRYS,,,,0,0,72.00,
,,4.2%,,,,,,,,
5390347300174,,PRAZSKY 440ML 6 PACK CAN,BARRYS,,,,0,0,603.00,
,,4.2% PM9.0,,,,,,,,
5010103941853,87521,ROCKSHORE IRISH LAGER 8PK,BARRYS,,,,0,0,52.00,
,,CAN 4%.,,,,,,,,
5000213023631,77945,ROCKSHORE LAGER 500ML 4PK,BARRYS,,,,0,0,5.00,
,,CAN,,,,,,,,
5000213024270,87421,ROCKSHORE LIGHT LAGER 4PK,BARRYS,,,,0,0,7.00,
,,CAN 3.5%,,,,,,,,
5000213024461,87420,ROCKSHORE LIGHT LAGER 8PK,BARRYS,,,,0,0,25.00,
,,CAN 3.5%,,,,,,,,
87421SINGLE,,ROCKSHORE LIGHT LAGER CAN,BARRYS,,,,0,0,11.00,
,,3.5%,,,,,,,,
5391525115085,120030,RYE RIVER 12X330ML BLT,BARRYS,,,,0,0,2.00,
,,SAMPLER,,,,,,,,
,,,,,,,,,,
3162330052641,151265,SAINT OMER 500ML CAN  5%,BARRYS,,,,0,0,32.00,
,,,,,,,,,,
8410655002502,56876,SAN MIGUEL 660ML BOTTLE 5%,BARRYS,,,,0,0,57.00,
8410655008191,73846,SAN MIGUEL CAN 500ML 6PK,BARRYS,,,,0,0,2.00,
,,4.5%,,,,,,,,
5000213021392,47095,SATZENBRAU BOTTLE 330ML,BARRYS,,,,0,0,8.00,
,,NRB 5%,,,,,,,,
,,,,,,,,,,
5011046008740,78870,SATZENBRAU CAN 500ML 5%,BARRYS,,,,0,0,38.00,
5000213017081,77759,SMITHWICKS BOTTLE 500ML,BARRYS,,,,0,0,7.00,
,,3.8%,,,,,,,,
5000291000005,77241,SMITHWICKS CAN 500ML 8PK,BARRYS,,,,0,0,9.00,
,,3.8%,,,,,,,,
3162330330015,151264,SOMBRERO TEQ BEER BOT,BARRYS,,,,0,0,29.00,
,,330ML 3PK5.9%,,,,,,,,
3162330500043,151260,SOMBRERO TEQ BEER CAN,BARRYS,,,,0,0,2.00,
,,500ML 5.9%,,,,,,,,
5411911000013,120084,ST BERNARDUS 330ML 4PK GIFT,GRABEE,,,,0,0,11.00,
,,PK,,,,,,,,
,,,,,,,,,,
5010038453926,89066,STAROPRAMEN 660ML BTL 5%,BARRYS,,,,0,0,5.00,
8593868000302,41253,STAROPRAMEN BOTTLE 500ML,BARRYS,,,,0,0,10.00,
,,5% CZE,,,,,,,,
,,,,,,,,,,
5014379016406,78723,STELLA 500ML 4PK CAN 4.6%,BARRYS,,,,0,0,12.00,
,,,,,,,,,,
5014379012958,76445,STELLA ARTOIS 660ML BTL 4.6%,BARRYS,,,,0,0,14.00,
,,,,,,,,,,
78720,78720,STELLA ARTOIS CAN 500ML 4.6%,BARRYS,,,,0,0,7.00,
Created using Rs-BackOffice v123.3.2 - www.RetailSolutions.ie,,,,,,,,,Page : 10 / ,21
TILL 01 JOHNS-20/12/2023 00:34:16,,,,,,,,,,
Barcode,Stock Code,Description,Supplier,,Location,,On Order,Reserved,On Hand,
,,,,,,,,,,
5901559830009,,TATRA PIWO BOTTLE 6%,MISC,,,,0,0,5.00,
5391516930055,80546,TENNENTS 440ML CAN 4 PACK,BARRYS,,,,0,0,55.00,
,,4%,,,,,,,,
,,,,,,,,,,
0872073001228,88852,TIGER BEER BOT 500ML 4.8%,BARRYS,,,,0,0,3.00,
,,,,,,,,,,
6901035603010,6102071,TSINGTAO BEER 640ML 4.8%,NOREAS,,,,0,0,9.00,
,,,,,,,,,,
2100000012232,,TUBORG 500ML CAN,BARRYS,,,,0,0,13.00,
,,,,,,,,,,
5000213026656,121105,TUBORG CAN 440ML 6PK 4%,BARRYS,,,,0,0,58.00,
,,,,,,,,,,
5901359062013,88869,TYSKIE BOTTLE 500ML 5.2% POL,BARRYS,,,,0,0,"1,134.00",
,,,,,,,,,,
5901359000237,88878,TYSKIE CAN 500ML 5.2% POL,BARRYS,,,,0,0,30.00,
,,,,,,,,,,
5900877000248,,ZUBR PIWO BOTTLE 6%,MISC,,,,0,0,1.00,
5901559950608,80348,ZYWIEC CAN 500ML 4PK 5.5%,BARRYS,,,,0,0,63.00,
,,POL,,,,,,,,
,,,,,,,0,0,"18,703.00",
F,,ALCOPOPS,,,,,,,,
5060926500584,121490,AU VODKA AU PINEAPPLE,KELLYH,,,,0,0,7.00,
,,CRUSH CANS 5%,,,,,,,,
5060926500331,121491,AU VODKA BLUE RASPBERRY,KELLYH,,,,0,0,2.00,
,,CANS 330MLS,,,,,,,,
7610113022603,121223,BACARDI MANGO MOJITO RTD,BARRYS,,,,0,0,7.00,
,,CAN 250ML,,,,,,,,
,,,,,,,,,,
7610113007792,86572,BACARDI MOJITO CAN 250ML 5%,BARRYS,,,,0,0,17.00,
,,,,,,,,,,
5391515830981,80388,FAT FROG CAN 330ML 4%,BARRYS,,,,0,0,1.00,
,,,,,,,,,,
5391515831360,,FAT FROG PINK CAN 250ML 4%,BARRYS,,,,0,0,35.00,
1230000039147,89128,FOUR LOKO BLUE 440ML CAN,BARRYS,,,,0,0,13.00,
,,8.5%,,,,,,,,
1230000039178,89130,FOUR LOKO FRUITPUNCH 440ML,BARRYS,,,,0,0,1.00,
,,CAN 8.5%,,,,,,,,
1230000039024,89131,FOUR LOKO GOLD 440ML CAN,MISC,,,,0,0,7.00,
,,8.5%,,,,,,,,
1230000039208,89133,FOUR LOKO STRAWB,BARRYS,,,,0,0,54.00,
,,LEMONADE CAN 8.5%,,,,,,,,
1230000039260,89134,FOUR LOKO TROPICAL CAN,BARRYS,,,,0,0,44.00,
,,8.5%,,,,,,,,
1230000039321,89137,FOUR LOKO TUTTI FRUITTI CAN,BARRYS,,,,0,0,8.00,
,,8.5%,,,,,,,,
1230000039291,89136,FOUR LOKO WHITE 440ML CAN,BARRYS,,,,0,0,11.00,
,,8.5%,,,,,,,,
5060065302490,121380,FUNKIN NITRO STRAW DAQ,BARRYS,,,,0,0,6.00,
,,4X200ML 5%,,,,,,,,
42353393,161118,KLEINER FEIGLING GREEN,BARRYS,,,,0,0,8.00,
,,LEMO 2CL 15%,,,,,,,,
,,,,,,,,,,
4740098083986,503280,LE COQ BLUE LAGOON 4.7% BTL,KELLYH,,,,0,0,22.00,
,,,,,,,,,,
4740098084044,503281,LE COQ MOJITO 330ML 4.7%,KELLYH,,,,0,0,11.00,
,,,,,,,,,,
4740098094524,,LE COQ PINA COLADA 4PK 4.7%,KELLYH,,,,0,0,5.00,
4740098084471,503279,LE COQ SEX ON THE BEACH,KELLYH,,,,0,0,33.00,
,,4.7% BTL,,,,,,,,
4740098094531,,LE COQ SEX ON THE BEACH 4PK,KELLYH,,,,0,0,2.00,
,,4.7%,,,,,,,,
5060193937588,,SHOCKS TEST TUBES 20ML,BARRYS,,,,0,0,"1,929.00",
,,MIXED 15%,,,,,,,,
,,,,,,,,,,
5410316992060,89019,SMIRNOFF ICE 275ML 4%,BARRYS,,,,0,0,215.00,
,,,,,,,,,,
5410316983730,161073,SMIRNOFF ICE 700ML 4%,BARRYS,,,,0,0,24.00,
,,,,,,,,,,
5410316965606,88686,SMIRNOFF ICE RASPBERRY 4%,BARRYS,,,,0,0,9.00,
,,,,,,,,,,
5410316964944,88685,SMIRNOFF ICE TROPICAL 4%,BARRYS,,,,0,0,3.00,
,,,,,,,,,,
5032678012158,121176,VK BLUE 27ML 10PK 4%,BARRYS,,,,0,0,3.00,
5011007008208,78996,WEST COAST COOLER 750M 4%,BARRYS,,,,0,0,27.00,
Created using Rs-BackOffice v123.3.2 - www.RetailSolutions.ie,,,,,,,,,Page : 11 / ,21
TILL 01 JOHNS-20/12/2023 00:34:16,,,,,,,,,,
Barcode,Stock Code,Description,Supplier,,Location,,On Order,Reserved,On Hand,
,,ROSE CASE,,,,,,,,
5011007013936,,WEST COAST COOLER CANS,MISC,,,,0,0,20.00,
,,250ML 4%,,,,,,,,
5011007014315,78999,WEST COAST COOLER ROSE,BARRYS,,,,0,0,15.00,
,,750ML 4%,,,,,,,,
,,,,,,,,,,
5024993732637,125561,WKD BLUE 275ML 3.4%,BARRYS,,,,0,0,162.00,
,,,,,,,,,,
5024993859280,77875,WKD BLUE 275ML 4% 10PK,BARRYS,,,,0,0,14.00,
,,,,,,,,,,
5024993729729,77894,WKD BLUE 700ML 4%,BARRYS,,,,0,0,41.00,
5024993732071,78715,WKD BLUE LAGOON COCKTAIL,BARRYS,,,,0,0,7.00,
,,700ML 5.5%,,,,,,,,
5024993732088,78716,WKD TROPICAL SUNRISE,BARRYS,,,,0,0,4.00,
,,COCKTAIL 5.5%,,,,,,,,
,,,,,,,0,0,"2,767.00",
I,,MISC ITEMS,,,,,,,,
5000213026090,88877,GUINNESS NITROSURGE,BARRYS,,,,0,0,2.00,
,,ACTIVATION UNIT,,,,,,,,
,,,,,,,,,,
0834554008096,76982,ZIP STARTER FIRELOG 700G,BARRYS,,,,0,0,2.00,
,,,,,,,0,0,4.00,
P,,PORT & SHERRY,,,,,,,,
5010277010133,77595,HARVEYS BRISTOL CREAM,BARRYS,,,,0,0,3.00,
,,375ML 17.5%,,,,,,,,
5601083001363,78357,SANDEMAN 3 STAR PORT,BARRYS,,,,0,0,3.00,
,,750ML19.5%,,,,,,,,
5601083001387,80134,SANDEMAN 5 STAR PORT 750ML,BARRYS,,,,0,0,1.00,
,,20%,,,,,,,,
,,,,,,,0,0,7.00,
S,,SPIRITS,,,,,,,,
,,,,,,,,,,
7312040090709,77682,ABSOLUT CITRON 700ML 40%,BARRYS,,,,0,0,1.00,
,,,,,,,,,,
7312040150700,76615,ABSOLUT PEARS 700ML 40%,BARRYS,,,,0,0,1.00,
7312040060702,77612,ABSOLUT VANILLA VODKA,BARRYS,,,,0,0,1.00,
,,700ML 40%,,,,,,,,
,,,,,,,,,,
9312040017355,41043,ABSOLUT VODKA 350ML 40%,BARRYS,,,,0,0,3.00,
,,,,,,,,,,
7312040551934,157034,ABSOLUT VODKA 700ML 40%,BARRYS,,,,0,0,7.00,
7312040017201,60026,ABSOLUT VODKA NAGGIN 200ML,BARRYS,,,,0,0,5.00,
,,40%,,,,,,,,
,,,,,,,,,,
5060045581570,88934,AFTERSHOCK BLUE 700ML 30%,BARRYS,,,,0,0,2.00,
,,,,,,,,,,
5060045581594,88935,AFTERSHOCK RED 700ML 30%,BARRYS,,,,0,0,1.00,
6001495062577,78417,AMARULA CREAM LIQUEUR,BARRYS,,,,0,0,2.00,
,,700ML,,,,,,,,
5010103926379,77927,ARCHERS PEACH SCHNAPPS,BARRYS,,,,0,0,5.00,
,,700ML 18%,,,,,,,,
5010677012218,80028,BACARDI CARTA BLANCA NAG,BARRYS,,,,0,0,1.00,
,,200ML37.5%,,,,,,,,
5010677055154,77917,BACARDI RASPBERRY 32%,BARRYS,,,,0,0,5.00,
,,700ML,,,,,,,,
,,,,,,,,,,
5010677012232,80029,BACARDI RUM 350ML 37.5%,BARRYS,,,,0,0,3.00,
5011013100156,78410,BAILEYS IRISH CREAM 700ML,BARRYS,,,,0,0,33.00,
,,17%,,,,,,,,
,,,,,,,,,,
5011013100231,58256,BAILEYS MINIS 50ML 17%,BARRYS,,,,0,0,5.00,
,,,,,,,,,,
5390377946182,91044,BAROVSKI VODKA 350ML 37.5%,BARRYS,,,,0,0,117.00,
,,,,,,,,,,
5390377946151,91043,BAROVSKI VODKA 700ML 37.5%,BARRYS,,,,0,0,63.00,
5390377946205,91050,BAROVSKI VODKA NAGGIN,BARRYS,,,,0,0,562.00,
,,200ML 37.5%,,,,,,,,
50196135,77325,BLACK & WHITE SCOTCH 700ML,BARRYS,,,,0,0,1.00,
,,40%,,,,,,,,
Created using Rs-BackOffice v123.3.2 - www.RetailSolutions.ie,,,,,,,,,Page : 12 / ,21
TILL 01 JOHNS-20/12/2023 00:34:16,,,,,,,,,,
Barcode,Stock Code,Description,Supplier,,Location,,On Order,Reserved,On Hand,
,,,,,,,,,,
5011007007102,77202,BLACK BUSH 700ML 40%,BARRYS,,,,0,0,2.00,
5055966800114,89663,BLACK BUSH GLASS PACK,BARRYS,,,,0,0,27.00,
,,700ML,,,,,,,,
5010296012958,120115,BLOOM GIN JASM & ROSE 40%,BARRYS,,,,0,0,5.00,
,,GLASS PK,,,,,,,,
8716000965417,78500,BOLS CREME DE MENTHE 700ML,BARRYS,,,,0,0,1.00,
,,24%,,,,,,,,
5010677714006,44943,BOMBAY SAPPHIRE GIN 700ML,BARRYS,,,,0,0,2.00,
,,40%,,,,,,,,
,,,,,,,,,,
5055966800039,74734,BUSHMILLS GLASS,BARRYS,,,,0,0,28.00,
5000281045412,89511,CAPT MORGAN & COLA 4PK CAN,BARRYS,,,,0,0,126.00,
,,5%,,,,,,,,
,,,,,,,,,,
5000299223055,30010,CAPTAIN MORGAN RUM 1L 35%,BARRYS,,,,0,0,9.00,
5000281028095,77669,CAPTAIN MORGAN RUM 350ML,BARRYS,,,,0,0,21.00,
,,35%,,,,,,,,
5000299223017,88910,CAPTAIN MORGAN RUM 700ML,BARRYS,,,,0,0,106.00,
,,35%,,,,,,,,
5000281025346,88997,CAPTAIN MORGAN RUM NAGGIN,BARRYS,,,,0,0,43.00,
,,200ML 35%,,,,,,,,
6523414089934,75491,CASAMIGOS BLANCO TEQUILA,BARRYS,,,,0,0,4.00,
,,40% 700ML,,,,,,,,
5000299212936,154532,CHIVAS REGAL 12YO SCOTCH,BARRYS,,,,0,0,2.00,
,,700ML 40%,,,,,,,,
0705632779705,CLON G,CLONAKILTY MINKE IRISH GIN,MISC,,,,0,0,2.00,
,,43.2%,,,,,,,,
710535268300,91061,CLONAKILTY PORT CASK WH,MISC,,,,0,0,2.00,
,,700ML 43.6%,,,,,,,,
,,,,,,,,,,
5099357091613,44994,CONNEMARA 700ML VAP 40%,BARRYS,,,,0,0,2.00,
5099357002497,77511,CONNEMARA PEATED IRISH,CELTIC,,,,0,0,1.00,
,,WHISKEY 12YR,,,,,,,,
5391514740007,80595,COOLE SWAN CREAM LIQUEUR,RADLEY,,,,0,0,1.00,
,,16%,,,,,,,,
,,,,,,,,,,
5011007010355,77663,CORK DRY GIN 350ML 37.5%,BARRYS,,,,0,0,1.00,
,,,,,,,,,,
5011007010263,77788,CORK DRY GIN 700ML 37.5%,BARRYS,,,,0,0,2.00,
5011007010096,77223,CORK DRY GIN NAGGIN 200ML,BARRYS,,,,0,0,8.00,
,,37.5%,,,,,,,,
5710707542220,,DANZKA MINI CITRUS,MISC,,,,0,0,3.00,
2,,,,,,,,,,
5704807000038,171357,DANZKA MINI MIX PACK 4X50ML,BARRYS,,,,0,0,8.00,
,,40%,,,,,,,,
5391530350211,77942,DRUMSHANBO GUNPOWDER IR,BARRYS,,,,0,0,6.00,
,,JAR GLAS PK,,,,,,,,
5390424124327,79632,DUBLINER IR WHISK HIP FLASK,BARRYS,,,,0,0,3.00,
,,GP 40%,,,,,,,,
,,,,,,,,,,
5390424121845,,DUBLINER IRISH WHISKEY,BARRYS,,,,0,0,2.00,
,,,,,,,,,,
5010296013054,79666,DUBLINER IRISH WHISKEY,BARRYS,,,,0,0,12.00,
5010314700003,77305,FAMOUS GROUSE SCOTCH,BARRYS,,,,0,0,4.00,
,,WHSK 700ML 40%,,,,,,,,
0088004029296,77446,FIREBALL PARTY BUCKET,BARRYS,,,,0,0,6.00,
,,20X50ML,,,,,,,,
77448,77448,FIREBALL WHISKEY LIQ 50ML,BARRYS,,,,0,0,444.00,
,,MINI  33%,,,,,,,,
088004144739,120130,FIREBALL WHISKEY LIQUER,BARRYS,,,,0,0,27.00,
,,200ML 33%,,,,,,,,
088004023508,77402,FIREBALL WHISKEY LIQUER,BARRYS,,,,0,0,7.00,
,,500ML 33%,,,,,,,,
5391537391071,89132,GLENDALOUGH MIZUNARA,BARRYS,,,,0,0,3.00,
,,CASK 7YO 46%,,,,,,,,
Created using Rs-BackOffice v123.3.2 - www.RetailSolutions.ie,,,,,,,,,Page : 13 / ,21
TILL 01 JOHNS-20/12/2023 00:34:16,,,,,,,,,,
Barcode,Stock Code,Description,Supplier,,Location,,On Order,Reserved,On Hand,
5010327000176,ZDGGL12YO7,GLENFIDDICH 12YO SCOTCH,DRINKS,,,,0,0,2.00,
,0,700ML 40%,,,,,,,,
,,,,,,,,,,
5000289020305,80544,GORDONS DRY GIN 350ML 37.5%,BARRYS,,,,0,0,5.00,
,,,,,,,,,,
5000289925440,77773,GORDONS DRY GIN 700ML 37.5%,BARRYS,,,,0,0,32.00,
5000289928496,89510,GORDONS GIN & TONIC 4PK,BARRYS,,,,0,0,9.00,
,,CAN 6.4%,,,,,,,,
,,,,,,,,,,
5000289112208,77590,GORDONS GIN 200ML 37.5%,BARRYS,,,,0,0,7.00,
5000289930963,89515,GORDONS PINK GIN&TONIC 4PK,BARRYS,,,,0,0,108.00,
,,CAN 6.4%,,,,,,,,
5000289931892,77905,GORDONS PREMIUM PINK GIN,BARRYS,,,,0,0,5.00,
,,350ML,,,,,,,,
5000289929417,77796,GORDONS PREMIUM PINK GIN,BARRYS,,,,0,0,22.00,
,,37.5% 700M,,,,,,,,
5000289929745,77900,GORDONS PREMIUM PINK GIN,BARRYS,,,,0,0,6.00,
,,50ML,,,,,,,,
5000289932479,77804,GORDONS SICILIAN LEMON GIN,BARRYS,,,,0,0,2.00,
,,37.5%,,,,,,,,
5011007008482,ZDGGREENS,GREEN SPOT IRISH WHISKEY,DRINKS,,,,0,0,6.00,
,POT,700ML 40,,,,,,,,
5010677850100,42179,GREY GOOSE VODKA 700ML,BARRYS,,,,0,0,8.00,
,,40%,,,,,,,,
5010327715704,80567,HENDRICKS MAESTRO G&T GIFT,BARRYS,,,,0,0,6.00,
,,PK 41.4%,,,,,,,,
,,,,,,,,,,
3245990250302,77841,HENNESSY BRANDY 350ML 40%,BARRYS,,,,0,0,7.00,
,,,,,,,,,,
3245990250203,77839,HENNESSY BRANDY 700ML 40%,BARRYS,,,,0,0,12.00,
,,,,,,,,,,
3245990117155,77853,HENNESSY MINIS 50ML 40%,BARRYS,,,,0,0,23.00,
,,,,,,,,,,
3245990319801,77842,HENNESSY NAGGIN 200ML 40%,BARRYS,,,,0,0,27.00,
3245998955919,,HENNESSY VS 700ML 2 GLASS,BARRYS,,,,0,0,5.00,
,,PACK 40%,,,,,,,,
5016840000068,44576,HIGH COMMISSIONER SCOT,BARRYS,,,,0,0,13.00,
,,NAG 200ML40%,,,,,,,,
5016840000129,44577,HIGH COMMISSIONER SCOTCH,BARRYS,,,,0,0,15.00,
,,350ML 40%,,,,,,,,
5016840000211,44578,HIGH COMMISSIONER SCOTCH,BARRYS,,,,0,0,12.00,
,,700ML 40%,,,,,,,,
,,,,,,,,,,
5011007012069,77928,HUZZAR 1L 37.5%,BARRYS,,,,0,0,9.00,
,,,,,,,,,,
5011007012205,77221,HUZZAR VODKA 350ML 37.5%,BARRYS,,,,0,0,42.00,
,,,,,,,,,,
5011007012151,77620,HUZZAR VODKA 700ML 37.5%,BARRYS,,,,0,0,8.00,
5011007012083,77222,HUZZAR VODKA NAGGIN 200ML,BARRYS,,,,0,0,77.00,
,,37.5%,,,,,,,,
5099811906361,121723,IRISHMAN HARVEST GLASS PK,BARRYS,,,,0,0,17.00,
,,40% 700ML,,,,,,,,
,,,,,,,,,,
5099873089712,45045,JACK DANIELS 350ML 40%,BARRYS,,,,0,0,8.00,
,,,,,,,,,,
5099873090473,77470,JACK DANIELS 700ML 40% GIFT.,BARRYS,,,,0,0,8.00,
0082184042397,85698,JACK DANIELS HONEY GIFT PK,BARRYS,,,,0,0,30.00,
,,700ML 35,,,,,,,,
5099873046173,45043,JACK DANIELS NAGGIN 200ML,BARRYS,,,,0,0,6.00,
,,40%,,,,,,,,
,,,,,,,,,,
4067700121035,121156,JAGERMEISTER 100ML 35% NEW,BARRYS,,,,0,0,4.00,
,,,,,,,,,,
4067700014573,89200,JAGERMEISTER 350ML 35%,BARRYS,,,,0,0,18.00,
,,,,,,,,,,
4067700013927,74738,JAGERMEISTER 700ML 35%,BARRYS,,,,0,0,30.00,
,,,,,,,,,,
40677057,47060,JAGERMEISTER MINIS 20ML 35%,BARRYS,,,,0,0,15.00,
4067700015785,79440,JAGERMEISTER NAGGIN 200ML,BARRYS,,,,0,0,23.00,
,,35%,,,,,,,,
0501100701677,77229,JAMESON 700ML SBC 40%,BARRYS,,,,0,0,48.00,
7,,,,,,,,,,
5011007024000,79794,JAMESON BLACK BARREL 700ML,BARRYS,,,,0,0,2.00,
Created using Rs-BackOffice v123.3.2 - www.RetailSolutions.ie,,,,,,,,,Page : 14 / ,21
TILL 01 JOHNS-20/12/2023 00:34:16,,,,,,,,,,
Barcode,Stock Code,Description,Supplier,,Location,,On Order,Reserved,On Hand,
,,40%,,,,,,,,
5011007025960,77899,JAMESON CASKMATES BTL IPA,BARRYS,,,,0,0,1.00,
,,EDIT 40%,,,,,,,,
5011007018931,77964,JAMESON GINGER & LIME RTD,BARRYS,,,,0,0,61.00,
,,CAN 250ML,,,,,,,,
5011007003654,77217,JAMESON IRISH WHISKEY 350ML,BARRYS,,,,0,0,8.00,
,,40%,,,,,,,,
5011007003128,44650,JAMESON IRISH WHISKEY MINI,BARRYS,,,,0,0,4.00,
,,50ML 40%,,,,,,,,
5011007003234,77094,JAMESON IRISH WHISKEY NAG,BARRYS,,,,0,0,11.00,
,,200ML 40%,,,,,,,,
,,,,,,,,,,
5060045586322,44991,JIM BEAM BOURBON 200ML 40%,BARRYS,,,,0,0,4.00,
,,,,,,,,,,
5010196091008,44990,JIM BEAM BOURBON 700ML 40%,BARRYS,,,,0,0,2.00,
5000267024202,,JOHNNIE WALKER BLACK LABEL,MISC,,,,0,0,2.00,
,,12YR OLD SCOT,,,,,,,,
7501035042308,ZDG09033,JOSE CUERVO ESPECIAL,DRINKS,,,,0,0,5.00,
,,SILVER 38%,,,,,,,,
5060660660636,77099,KILLOWEN BARANTUIL  M SG,BARRYS,,,,0,0,5.00,
,,CASK 59.5%,,,,,,,,
42280712,161116,KLEINER FEIGLING ERD COLADA,BARRYS,,,,0,0,9.00,
,,2CL 15%,,,,,,,,
7393714645142,77922,KOPP STRW/LIME GIN CAN,BARRYS,,,,0,0,33.00,
,,250ML 4PK 5%,,,,,,,,
,,,,,,,,,,
5900595008793,166951,KRUPNIK CHERRY LIQ 10CL 30%,BARRYS,,,,0,0,761.00,
5900595008823,166949,KRUPNIK CHERRY LIQUEUR 28%,BARRYS,,,,0,0,20.00,
,,200ML,,,,,,,,
5900595008847,166950,KRUPNIK CHERRY LIQUEUR,BARRYS,,,,0,0,224.00,
,,50CL 30%,,,,,,,,
,,,,,,,,,,
5900595002432,166478,KRUPNIK HONEY LIQ 500ML 38%,BARRYS,,,,0,0,11.00,
,,,,,,,,,,
5900595008519,166940,KRUPNIK LEMON LIQ 10CL 30%,BARRYS,,,,0,0,9.00,
5900595008564,166983,KRUPNIK LEMON LIQUEUR 50CL,BARRYS,,,,0,0,3.00,
,,30%,,,,,,,,
5900595008779,166965,KRUPNIK NUT LIQUEUR 50CL,BARRYS,,,,0,0,7.00,
,,30%,,,,,,,,
5900595011342,166960,KRUPNIK PISTACHIO CREAM,BARRYS,,,,0,0,3.00,
,,500ML 16%,,,,,,,,
5900595008496,166961,KRUPNIK PLUM LIQUEUR 50CL,BARRYS,,,,0,0,3.00,
,,28%,,,,,,,,
,,,,,,,,,,
5900595008373,166942,KRUPNIK QUINCE LIQ 10CL 30%,BARRYS,,,,0,0,37.00,
5900595008427,166962,KRUPNIK QUINCE LIQUEUR 50CL,BARRYS,,,,0,0,10.00,
,,30%,,,,,,,,
5900595009189,166957,KRUPNIK SALTED CARAMEL,BARRYS,,,,0,0,3.00,
,,500ML 16%,,,,,,,,
,,,,,,,,,,
5900595004801,166995,KRUPNIK VODKA 40% 100ML,BARRYS,,,,0,0,52.00,
,,,,,,,,,,
5900595004696,166991,KRUPNIK VODKA 40% 700ML,BARRYS,,,,0,0,51.00,
,,,,,,,,,,
5900595004672,166483,KRUPNIK VODKA 500ML 40%,BARRYS,,,,0,0,37.00,
,,,,,,,,,,
5010284100056,42285,MALIBU RUM 350ML 21%,BARRYS,,,,0,0,5.00,
5010284100070,77607,MALIBU RUM NAGGIN 200ML,BARRYS,,,,0,0,2.00,
,,21%,,,,,,,,
,,,,,,,,,,
5010677924009,88303,MARTINI BIANCO 750ML 15%,BARRYS,,,,0,0,4.00,
5391397620205,92194,MICKEY FINN SOUR APPLE,BARRYS,,,,0,0,5.00,
,,500ML 15%,,,,,,,,
5391397671207,92195,MICKEY FINN STRAWBERRY,BARRYS,,,,0,0,6.00,
,,500ML 15%,,,,,,,,
5011007008383,45183,MIDLETON VERY RARE BTL,BARRYS,,,,0,0,1.00,
,,700ML 40,,,,,,,,
,,,,,,,,,,
5010296005912,88991,OPIHR GIN 42.5% GLASS PACK,BARRYS,,,,0,0,2.00,
1210000100863,77220,PADDY IRISH WHISKEY 350ML,BARRYS,,,,0,0,13.00,
Created using Rs-BackOffice v123.3.2 - www.RetailSolutions.ie,,,,,,,,,Page : 15 / ,21
TILL 01 JOHNS-20/12/2023 00:34:16,,,,,,,,,,
Barcode,Stock Code,Description,Supplier,,Location,,On Order,Reserved,On Hand,
,,40%,,,,,,,,
1210000100771,77886,PADDY IRISH WHISKEY 700ML,BARRYS,,,,0,0,10.00,
,,40%,,,,,,,,
1210000100849,77292,PADDY IRISH WHISKEY MINI,BARRYS,,,,0,0,47.00,
,,71ML 40%,,,,,,,,
1210000100832,77291,PADDY IRISH WHISKEY NAG,BARRYS,,,,0,0,25.00,
,,200ML 40%,,,,,,,,
5390683100490,44420,PASTURES IRISH CREAM 700ML,BARRYS,,,,0,0,5.00,
,,14.5%,,,,,,,,
42347002,161115,PINK JUAN LIKOER 20ML SHOT,BARRYS,,,,0,0,739.00,
,,15%,,,,,,,,
,,,,,,,,,,
5391515830011,44400,PIRANHA APPLE 500ML,BARRYS,,,,0,0,20.00,
5391515830158,42146,PIRANHA CHERRY BOTTLE,BARRYS,,,,0,0,4.00,
,,500ML,,,,,,,,
,,,,,,,,,,
5900595012172,171369,POLONAISE CHERRY 200ML 25%,BARRYS,,,,0,0,7.00,
5011007001292,77216,POWERS IRISH WHISKEY 350ML,BARRYS,,,,0,0,20.00,
,,40%,,,,,,,,
0501100700126,,POWERS IRISH WHISKEY 700ML,BARRYS,,,,0,0,2.00,
1,,40%.,,,,,,,,
5011007001025,41227,POWERS IRISH WHISKEY GIFT,BARRYS,,,,0,0,2.00,
,,40% GIFT,,,,,,,,
5011007001117,77219,POWERS IRISH WHISKEY NAG,BARRYS,,,,0,0,13.00,
,,200ML 40%,,,,,,,,
8006550317089,78565,RAMAZOTTI SAMBUCA 700ML,BARRYS,,,,0,0,6.00,
,,38%,,,,,,,,
5011007013301,77947,RED SPOT SINGLE POT STILL,MISC,,,,0,0,3.00,
,,46% 700ML,,,,,,,,
5011007008345,45068,REDBREAST 12Y IRISH WHSKY,BARRYS,,,,0,0,2.00,
,,700ML 40%,,,,,,,,
5011007013745,45070,REDBREAST 12YO BIRDFEEDER,MISC,,,,0,0,9.00,
,,700ML 40%,,,,,,,,
,,,,,,,,,,
8716000966445,78568,SAMBUCA VACCARI 700ML 38%,BARRYS,,,,0,0,3.00,
,,,,,,,,,,
5011013500703,151008,SHERIDANS 500ML 15.5%,BARRYS,,,,0,0,3.00,
4062400055017,75650,SIERRA TEQUILA REPOSADO,BARRYS,,,,0,0,4.00,
,,500ML 38%,,,,,,,,
4062400542678,75651,SIERRA TEQUILA SILVER 500ML,BARRYS,,,,0,0,2.00,
,,38%,,,,,,,,
5410316945332,86583,SMIRNOFF & COLA CAN 250ML,BARRYS,,,,0,0,2.00,
,,5%,,,,,,,,
5410316945318,86585,SMIRNOFF & CRANBERRY CAN,BARRYS,,,,0,0,3.00,
,,250ML 5%,,,,,,,,
5410316945899,85522,SMIRNOFF & DIET COLA CAN,BARRYS,,,,0,0,11.00,
,,250ML 5%,,,,,,,,
,,,,,,,,,,
5011013405114,77677,SMIRNOFF 1L 37.5%,BARRYS,,,,0,0,53.00,
,,,,,,,,,,
5410316671286,88681,SMIRNOFF 350ML 37.5%,BARRYS,,,,0,0,55.00,
,,,,,,,,,,
5410316072014,160257,SMIRNOFF 500ML 37.5%,BARRYS,,,,0,0,15.00,
,,,,,,,,,,
5410316985215,47122,SMIRNOFF MINI 50ML 37.5%,BARRYS,,,,0,0,13.00,
,,,,,,,,,,
5410316233446,30050,SMIRNOFF NAGGIN 200ML 37.5%,BARRYS,,,,0,0,118.00,
,,,,,,,,,,
5011013400157,77630,SMIRNOFF VODKA 700ML 37.5%,BARRYS,,,,0,0,49.00,
1210000100535,74735,SOUTHERN COMFORT 200ML,BARRYS,,,,0,0,6.00,
,,35%,,,,,,,,
5099873018705,44853,SOUTHERN COMFORT 350ML,BARRYS,,,,0,0,4.00,
,,35%,,,,,,,,
1210000100511,77449,SOUTHERN COMFORT 700ML,BARRYS,,,,0,0,14.00,
,,35%,,,,,,,,
,,,,,,,,,,
5099873006412,161324,SOUTHERN COMFORT MINI 35%,BARRYS,,,,0,0,12.00,
4901777303553,45125,SUNTORY WHISKEY TOKI 43%,BARRYS,,,,0,0,2.00,
,,700ML,,,,,,,,
Created using Rs-BackOffice v123.3.2 - www.RetailSolutions.ie,,,,,,,,,Page : 16 / ,21
TILL 01 JOHNS-20/12/2023 00:34:16,,,,,,,,,,
Barcode,Stock Code,Description,Supplier,,Location,,On Order,Reserved,On Hand,
,,,,,,,,,,
5000281015248,88911,TANQUERAY GIN 700ML 43.1%,BARRYS,,,,0,0,2.00,
,,,,,,,,,,
0085592141072,78581,TEQUILA ROSE 500ML 15%,BARRYS,,,,0,0,11.00,
,,,,,,,,,,
0085592121081,121290,TEQUILA ROSE 50ML MINI 15%.,MCMSPI,,,,0,0,5.00,
,,,,,,,,,,
5012523231965,80243,TIA MARIA 700ML 20%,BARRYS,,,,0,0,4.00,
5391524713992,41040,TWO TREES PINK GIN 200ML,BARRYS,,,,0,0,32.00,
,,37.5%.,,,,,,,,
5391524713930,41041,TWO TREES PINK GIN 700ML,BARRYS,,,,0,0,12.00,
,,37.5%,,,,,,,,
5391524713954,,TWO TREES VIOLET GIN 700ML,BARRYS,,,,0,0,2.00,
,,37.5%,,,,,,,,
5391536631871,77051,WATERFORD HERITAGE,MISC,,,,0,0,1.00,
,,HUNTER 50% 700ML,,,,,,,,
5391542715015,41075,WEST CORK BOURBON CASK,MISC,,,,0,0,7.00,
,,200ML,,,,,,,,
5391524710656,41230,WEST CORK BOURBON CASK,BARRYS,,,,0,0,1.00,
,,700ML 40%,,,,,,,,
5391524712193,41064,WEST CORK CASK STRENGTH,MISC,,,,0,0,2.00,
,,700ML 62%,,,,,,,,
5011007024475,77973,YELLOW SPOT 12YO WHISKEY,DRINKS,,,,0,0,6.00,
,,700 ML 46,,,,,,,,
8710625526411,,ZZZZ DE KUYPER PEPPERMINT  ,GWL,,,,0,0,2.00,
,,70CL,,,,,,,,
,,,,,,,0,0,"5,199.00",
T,,ACCESSORIES,,,,,,,,
5390163002160,88214,LARGE SINGLE BOTTLE BAGS,BARRYS,,,,0,0,23.00,
,,X1000 KS21,,,,,,,,
,,,,,,,0,0,23.00,
W,,WINE PRODUCTS,,,,,,,,
,,,,,,,,,,
9311220005517,67600,19 CRIMES CAB SAV 750ML,BARRYS,,,,0,0,9.00,
,,,,,,,,,,
9311220004343,67601,19 CRIMES RED BLEND 750ML,BARRYS,,,,0,0,12.00,
,,,,,,,,,,
9311220006057,67609,19 CRIMES SAUV BLOCK 750ML,BARRYS,,,,0,0,16.00,
,,,,,,,,,,
0085000017746,67590,APOTHIC RED 750ML,BARRYS,,,,0,0,5.00,
,,,,,,,,,,
7804413001417,79746,AVIARY MERLOT 750ML,BARRYS,,,,0,0,44.00,
7804413001394,79748,AVIARY SAUVIGNON BLANC,BARRYS,,,,0,0,21.00,
,,750ML.,,,,,,,,
,,,,,,,,,,
0018341061017,67593,BAREFOOT CAB SAUV 750ML,BARRYS,,,,0,0,8.00,
0018341751109,79804,BAREFOOT CELLARS MERLOT,BARRYS,,,,0,0,6.00,
,,750ML,,,,,,,,
0085000014448,79793,BAREFOOT CELLARS PINOT,BARRYS,,,,0,0,8.00,
,,GRIGIO 750ML,,,,,,,,
0018341751062,79805,BAREFOOT CELLARS WHITE,BARRYS,,,,0,0,6.00,
,,ZINFAN 750ML,,,,,,,,
,,,,,,,,,,
0085000016688,,BAREFOOT MOSCATO 750ML,BARRYS,,,,0,0,9.00,
0018341061024,67589,BAREFOOT SAUVIGNON BLANC,BARRYS,,,,0,0,13.00,
,,750ML,,,,,,,,
3700619312040,86231,BEAUREMPART RED GRANDE,BARRYS,,,,0,0,6.00,
,,RES 750ML,,,,,,,,
4069600004012,,BEND IN THE RIVER DRY,BARRYS,,,,0,0,11.00,
,,RIESLING 75CL,,,,,,,,
,,,,,,,,,,
4069600008034,,BEND IN THE RIVER PINK 75CL,BARRYS,,,,0,0,11.00,
4069600011881,78124,BEND IN THE RIVER PINOT,BARRYS,,,,0,0,3.00,
,,GRIGIO 75CL,,,,,,,,
,,,,,,,,,,
3700619332284,171231,BIG WHITE BEAST 750ML,BARRYS,,,,0,0,1.00,
5060078185714,120098,BLOSSOM HILL RED 750ML,BARRYS,,,,0,0,84.00,
,,12.5% NEW,,,,,,,,
,,,,,,,,,,
5060078183581,79740,BLOSSOM HILL RED WINE 750ML,BARRYS,,,,0,0,3.00,
Created using Rs-BackOffice v123.3.2 - www.RetailSolutions.ie,,,,,,,,,Page : 17 / ,21
TILL 01 JOHNS-20/12/2023 00:34:16,,,,,,,,,,
Barcode,Stock Code,Description,Supplier,,Location,,On Order,Reserved,On Hand,
,,,,,,,,,,
5060078180061,121396,BLOSSOM HILL WHITE 750ML,BARRYS,,,,0,0,82.00,
5060078185677,120099,BLOSSOM HILL WHITE 750ML,BARRYS,,,,0,0,51.00,
,,11.5% NEW,,,,,,,,
5060078183741,79803,BLOSSOM HILL WHITE,BARRYS,,,,0,0,12.00,
,,ZINFANDEL 750ML,,,,,,,,
,,,,,,,,,,
3052853077682,78692,BOLLINGER GIFT PACK 750ML,BARRYS,,,,0,0,4.00,
9414024514275,79026,BRANCOTT EST SAUVIGNON,BARRYS,,,,0,0,4.00,
,,BLANC 750ML,,,,,,,,
5027882940403,121590,BUCKFAST TONIC WINE 750ML,BARRYS,,,,0,0,5.00,
,,15%,,,,,,,,
,,,,,,,,,,
9310297036479,67666,CALI BY SNOOP CALI RED 750ML,BARRYS,,,,0,0,19.00,
7804320303178,159532,CASILLERO DEL DIABLO CAB,BARRYS,,,,0,0,41.00,
,,SAUV 750ML,,,,,,,,
7804320256900,78121,CASILLERO DEL DIABLO CHARD,BARRYS,,,,0,0,15.00,
,,750ML,,,,,,,,
7804320985633,88542,CASILLERO DEL DIABLO,BARRYS,,,,0,0,84.00,
,,MERLOT 750ML,,,,,,,,
7804320355979,89671,CASILLERO DEL DIABLO P,BARRYS,,,,0,0,122.00,
,,GRIGIO 750ML,,,,,,,,
7804320301174,159531,CASILLERO DEL DIABLO SAUV,BARRYS,,,,0,0,186.00,
,,BLNC 750M,,,,,,,,
,,,,,,,,,,
8002153007006,89031,CASTELLANI CHIANTI 750ML,BARRYS,,,,0,0,18.00,
,,,,,,,,,,
8002153007907,89030,CASTELLANI FRASCATI 750ML,BARRYS,,,,0,0,14.00,
8002153007808,89032,CASTELLANI MONTEPULCIANO,BARRYS,,,,0,0,8.00,
,,750ML,,,,,,,,
8002153206010,,CASTELLANI PINOT GRIGIO,BARRYS,,,,0,0,12.00,
,,750ML,,,,,,,,
5015063712444,29860,CHARLEMAGNE GOLD LABEL,BARRYS,,,,0,0,55.00,
,,1.5L,,,,,,,,
5015063201696,29863,CHARLEMAGNE GOLD LABEL,BARRYS,,,,0,0,4.00,
,,200ML 5.5%,,,,,,,,
3500610058493,165676,CHAT MICHELET BORDEAUX,BARRYS,,,,0,0,4.00,
,,750ML 13%,,,,,,,,
3272810303382,155023,CHATEAU THIBAULT BORDEAUX,BARRYS,,,,0,0,4.00,
,,750ML,,,,,,,,
,,,,,,,,,,
7804320344072,80370,CONO SUR BICICLETA TWIN PK,BARRYS,,,,0,0,28.00,
,,,,,,,,,,
5397136011013,80361,CONO SUR ORGANIC TWIN PK,BARRYS,,,,0,0,27.00,
7791540044502,155463,DADA MALBEC BONARDA,BARRYS,,,,0,0,6.00,
,,ARGENTINA 750ML,,,,,,,,
,,,,,,,,,,
7804320750552,121328,DIABLO BLACK CAB SAUV 750ML,BARRYS,,,,0,0,1.00,
7804320756509,121329,DIABLO WHITE CHARDONNAY,BARRYS,,,,0,0,4.00,
,,750ML,,,,,,,,
9300770043551,79640,EAGLE HAWK CAB SAUVIGNON,BARRYS,,,,0,0,21.00,
,,750ML,,,,,,,,
9300770043605,79504,EAGLE HAWK CHARDONNAY,BARRYS,,,,0,0,110.00,
,,750ML,,,,,,,,
,,,,,,,,,,
9300770065720,79638,EAGLE HAWK MERLOT 750ML,BARRYS,,,,0,0,16.00,
9312088004131,88830,EAGLE HAWK SAUVIGNON,BARRYS,,,,0,0,41.00,
,,BLANC 750ML,,,,,,,,
5060137510051,42123,EMOTIVO MONTEPLUCI,BARRYS,,,,0,0,3.00,
,,DABRUZZO 750ML,,,,,,,,
,,,,,,,,,,
5060137510044,48705,EMOTIVO PINOT GRIGIO 750ML,BARRYS,,,,0,0,1.00,
8410441409171,80402,FAUSTINO V RED & GLASS GIFT,BARRYS,,,,0,0,1.00,
,,BOX,,,,,,,,
,,,,,,,,,,
8410441211002,80401,FAUSTINO V11 RED 750ML,BARRYS,,,,0,0,5.00,
,,,,,,,,,,
8410441221001,80411,FAUSTINO V11 ROSE 750ML,BARRYS,,,,0,0,4.00,
8410441001399,120155,FAUSTINO V11 SAUVIGNON,BARRYS,,,,0,0,1.00,
,,BLANC,,,,,,,,
Created using Rs-BackOffice v123.3.2 - www.RetailSolutions.ie,,,,,,,,,Page : 18 / ,21
TILL 01 JOHNS-20/12/2023 00:34:16,,,,,,,,,,
Barcode,Stock Code,Description,Supplier,,Location,,On Order,Reserved,On Hand,
,,,,,,,,,,
8410441231000,80399,FAUSTINO V11 WHITE 750ML,BARRYS,,,,0,0,9.00,
8410441251008,80415,FAUSTINO VII RED 3 PACK,BARRYS,,,,0,0,20.00,
,,750ML,,,,,,,,
8410036808396,79824,FREIXENET STILL ITALIAN ROSE,BARRYS,,,,0,0,10.00,
,,750ML,,,,,,,,
0085000005002,42110,GALLO FV CABERNET,BARRYS,,,,0,0,2.00,
,,SAUVIGNON 750ML,,,,,,,,
,,,,,,,,,,
0085000009840,158325,GALLO FV MERLOT 750ML,BARRYS,,,,0,0,1.00,
8008863058291,88664,GRAHAM NORTON FRIZZANTE,BARRYS,,,,0,0,4.00,
,,12.5% 750ML,,,,,,,,
9421905673235,88650,GRAHAM NORTON FRIZZANTE,BARRYS,,,,0,0,6.00,
,,ROSE 750ML,,,,,,,,
5010658309818,156084,HARVEST FRUITS MULLED WINE,BARRYS,,,,0,0,6.00,
,,700ML,,,,,,,,
3700619341255,156125,HEAVENLY SAUVIGNON BLANC,BARRYS,,,,0,0,2.00,
,,IGP 750ML,,,,,,,,
,,,,,,,,,,
5060215331035,79434,I HEART CABERNET SAUV 750ML,BARRYS,,,,0,0,48.00,
,,,,,,,,,,
5060215330021,,I HEART CHARDONNAY 750ML,MISC,,,,0,0,8.00,
,,,,,,,,,,
5060215330090,79435,I HEART MERLOT 13% 750ML,BARRYS,,,,0,0,45.00,
5060215330083,79432,I HEART PINOT GRIGIO 750ML,BARRYS,,,,0,0,173.00,
,,12%,,,,,,,,
5060215333329,79431,I HEART PROSECCO FRIZZANTE,BARRYS,,,,0,0,42.00,
,,12% 750M,,,,,,,,
,,,,,,,,,,
5060215330007,171265,I HEART ROSE 750ML,BARRYS,,,,0,0,32.00,
5060215330830,79433,I HEART SAUV BLANC 750ML,BARRYS,,,,0,0,191.00,
,,12%,,,,,,,,
,,,,,,,,,,
5060215330014,171236,I HEART SHIRAZ 750ML,BARRYS,,,,0,0,10.00,
3480046329759,171390,JADOT 2 BTL GIFT CHABLIS +,BARRYS,,,,0,0,2.00,
,,FLEURIE,,,,,,,,
7791540044519,79466,LAS MORAS DADA 2 MOCHA,KELLYH,,,,0,0,16.00,
,,MERLOT,,,,,,,,
7791540049590,79465,LAS MORAS DADA 8,MISC,,,,0,0,10.00,
,,CHOCOLATE,,,,,,,,
3263280119023,87535,LE SWEET FILOU SWEET RED,BARRYS,,,,0,0,3.00,
,,WINE 75C,,,,,,,,
3263280118989,,LE SWEET FILOU SWEET WHITE,BARRYS,,,,0,0,6.00,
,,75C,,,,,,,,
,,,,,,,,,,
5025148105368,88425,LUCCELLO MERLOT 750ML.,BARRYS,,,,0,0,6.00,
,,,,,,,,,,
5025148103067,165720,LUCCELLO PINOT GRIGIO 750ML,BARRYS,,,,0,0,69.00,
5025148112755,88430,LUCCELLO SAUVIGNON BLANC,BARRYS,,,,0,0,74.00,
,,750ML,,,,,,,,
3700619312682,86226,MAISON FRANCAIS SHIRAZ RES,BARRYS,,,,0,0,1.00,
,,750ML,,,,,,,,
8410869450311,80363,MARQUES DE RISCAL RESERVA,BARRYS,,,,0,0,2.00,
,,TWIN PK,,,,,,,,
,,,,,,,,,,
5601012011500,79565,MATEUS ROSE 750ML,BARRYS,,,,0,0,10.00,
5601012003017,171258,MATEUS ROSE GIFT BOX 2 BOT,BARRYS,,,,0,0,13.00,
,,2 GLS,,,,,,,,
,,,,,,,,,,
0764253951020,159882,MCGUIGAN B/L CAB SAUV 750ML,BARRYS,,,,0,0,1.00,
0764253003705,88527,MCGUIGAN B/L CHARDONNAY,BARRYS,,,,0,0,11.00,
,,750ML,,,,,,,,
9310415016871,88526,MCGUIGAN B/L MALBEC 750ML,BARRYS,,,,0,0,6.00,
,,13%,,,,,,,,
,,,,,,,,,,
0764253505186,88528,MCGUIGAN B/L MERLOT 750ML,BARRYS,,,,0,0,4.00,
,,,,,,,,,,
3700619333977,156701,MISSION SUD ROSE 750ML,BARRYS,,,,0,0,17.00,
3700619305233,156116,MISSION SUD SAUVIGNON,BARRYS,,,,0,0,1.00,
,,BLANC 750ML,,,,,,,,
,,,,,,,,,,
3185370063989,75655,MOET & CHANDON NV 200ML,BARRYS,,,,0,0,1.00,
Created using Rs-BackOffice v123.3.2 - www.RetailSolutions.ie,,,,,,,,,Page : 19 / ,21
TILL 01 JOHNS-20/12/2023 00:34:16,,,,,,,,,,
Barcode,Stock Code,Description,Supplier,,Location,,On Order,Reserved,On Hand,
3185370001233,79754,MOET & CHANDON NV 750ML,BARRYS,,,,0,0,2.00,
,,GIFT,,,,,,,,
3185370061503,121626,MOET & CHANDON ROSE NV,BARRYS,,,,0,0,6.00,
,,GIFT 750ML,,,,,,,,
3262153108751,89466,MOUTON CADET BORDEAUX,BARRYS,,,,0,0,14.00,
,,ROSE 75CL 13%,,,,,,,,
3262151001757,89465,MOUTON CADET BORDEAUX,MISC,,,,0,0,7.00,
,,ROUGE 75CL 14,,,,,,,,
3262152116757,89467,MOUTON CADET BORDEAUX,BARRYS,,,,0,0,11.00,
,,SAUV BLANC,,,,,,,,
,,,,,,,,,,
9415549814635,77769,OYSTER BAY MERLOT 750ML,BARRYS,,,,0,0,25.00,
3552657021206,161475,POET OF SANTIAGO SAUV,BARRYS,,,,0,0,1.00,
,,BLANC 750ML,,,,,,,,
8053013230300,79712,PREMIER EST,BARRYS,,,,0,0,2.00,
,,GARGANEGA/PINOT GRIGIO,,,,,,,,
,,,,,,,,,,
8053013230355,79784,PREMIER EST MERLOT 750ML,BARRYS,,,,0,0,6.00,
8003625000167,79160,RED FIRE PRIMITIVO WOOD BOX,BARRYS,,,,0,0,2.00,
,,750ML,,,,,,,,
7804330311101,78506,SANTA RITA 120 CABERNET,BARRYS,,,,0,0,92.00,
,,SAUV 750ML,,,,,,,,
7804330351206,78505,SANTA RITA 120 CHARDONNAY,BARRYS,,,,0,0,132.00,
,,750ML,,,,,,,,
,,,,,,,,,,
7804330006915,78605,SANTA RITA 120 MALBEC 750ML,BARRYS,,,,0,0,8.00,
,,,,,,,,,,
7804330341108,78504,SANTA RITA 120 MERLOT 750ML,BARRYS,,,,0,0,39.00,
,,,,,,,,,,
7804330007141,77799,SANTA RITA 120 PINOT GRIGIO,BARRYS,,,,0,0,81.00,
7804330321209,79237,SANTA RITA 120 SAUV BLANC,BARRYS,,,,0,0,395.00,
,,750ML,,,,,,,,
5397136019095,121187,SQUEALING PIG TWIN GIFT,BARRYS,,,,0,0,30.00,
,,PACK 750ML,,,,,,,,
8410113001924,88955,TORRES NATUREO WHITE ALC,BARRYS,,,,0,0,11.00,
,,FREE 750ML,,,,,,,,
,,,,,,,,,,
8410113001146,88924,TORRES VINA SOL 750ML,BARRYS,,,,0,0,6.00,
8410113342768,80367,TORRES VINA SOL SANGRE DE,BARRYS,,,,0,0,2.00,
,,T TWIN PK,,,,,,,,
,,,,,,,,,,
8003625080640,79183,TRAMONTO VINO BIANCO 750ML,BARRYS,,,,0,0,20.00,
,,,,,,,,,,
8003625079613,79184,TRAMONTO VINO TINTO 750ML,BARRYS,,,,0,0,21.00,
7798039590342,79670,TRIVENTO RESERVE MALBEC,BARRYS,,,,0,0,2.00,
,,750ML,,,,,,,,
7798039599192,171250,TRIVENTO RESERVE WHITE,BARRYS,,,,0,0,15.00,
,,MALBEC 750ML,,,,,,,,
9414416305528,45159,VILLA MARIA SAUVIGNON BLANC,BARRYS,,,,0,0,1.00,
,,750ML,,,,,,,,
5025148096628,78639,WATERS EDGE MERLOT 187ML,BARRYS,,,,0,0,8.00,
,,CHIL,,,,,,,,
5025148097168,78638,WATERS EDGE SAUV BLANC,BARRYS,,,,0,0,14.00,
,,187ML CHIL,,,,,,,,
5025148096697,89609,WATERS EDGE WHITE ZIN PINK,BARRYS,,,,0,0,2.00,
,,750ML,,,,,,,,
9312088201905,79480,WOLF BLASS Y/L CHARDONNAY,BARRYS,,,,0,0,1.00,
,,750ML,,,,,,,,
9312088201974,79639,WOLF BLASS Y/L SAUV BLANC,BARRYS,,,,0,0,2.00,
,,750ML,,,,,,,,
5060078183376,80368,WOLF BLASS YELLOW 2 BOTTLE,BARRYS,,,,0,0,6.00,
,,GIFT BOX,,,,,,,,
,,,,,,,,,,
9322214007806,89596,YELLOW TAIL CAB SAUV 750ML,BARRYS,,,,0,0,4.00,
9322214006205,89595,YELLOW TAIL CHARDONNAY,BARRYS,,,,0,0,19.00,
,,750ML,,,,,,,,
,,,,,,,,,,
9322214011360,67956,YELLOW TAIL MALBEC 750ML,BARRYS,,,,0,0,5.00,
Created using Rs-BackOffice v123.3.2 - www.RetailSolutions.ie,,,,,,,,,Page : 20 / ,21
TILL 01 JOHNS-20/12/2023 00:34:16,,,,,,,,,,
Barcode,Stock Code,Description,Supplier,,Location,,On Order,Reserved,On Hand,
,,,,,,,,,,
9322214006328,67957,YELLOW TAIL MERLOT 750ML,BARRYS,,,,0,0,7.00,
9322214009961,85588,YELLOW TAIL PINOT GRIGIO,BARRYS,,,,0,0,5.00,
,,750ML,,,,,,,,
,,,,,,,,,,
9322214010486,89597,YELLOW TAIL ROSE 750ML,BARRYS,,,,0,0,5.00,
9322214011520,67955,YELLOW TAIL SAUV BLANC,BARRYS,,,,0,0,6.00,
,,750ML,,,,,,,,
,,,,,,,0,0,"3,166.00",
Z,,DISCONTINUED PRODUCTS,,,,,,,,
,,,,,,,,,,
5010677014205,,BACARDI RUM 700ML 37.5%,BARRYS,,,,0,0,7.00,
7105352683000,,CLONAKILTY PORT CASK WH,BARRYS,,,,0,0,2.00,
,,700ML 43.6%,,,,,,,,
42181811,,WRIGLEYS EXTRA BLUEBERRY,BARRYS,,,,0,0,61.00,
,,10 PC 14G,,,,,,,,
,,,,,,,0,0,70.00,
,,,,Overall Totals,,,0,0,"62,670.00",
Created using Rs-BackOffice v123.3.2 - www.RetailSolutions.ie,,,,,,,,,Page : 21 / ,21
TILL 01 JOHNS-20/12/2023 00:34:16,,,,,,,,,,
